,place,info,문의 및 안내,홈페이지,주소,이용시간,휴일,이용요금,화장실,review,주차,입장료,체험가능 연령,판매 품목,접근로,출입통로,지정현황,이용가능시설,장애인 주차 안내,주요시설,휠체어,시설이용료,엘리베이터,수유실,유모차,관람석,점자 홍보물,오디오 가이드,지체장애 기타 상세,부대시설,주차 요금,안내 요원,매표소,큰활자 홍보물,보유장비,보조견 동반,점자 블록,코스안내,규모,수화 안내,자막 비디오 가이드,수용인원,영유아가족 기타상세,체험
0,다온숲,"다온숲 캠핑장은 송학산과 조천천 인근에 위치한 덕분에 자연친화적인 캠핑을 만끽할 수 있다. 캠핑장에는 글램핑 17개 동을 운영하고 있으며 객실 내부에는 침대, 에어컨, 소파, 화장실, 샤워장이 있고 객실 밖 전용 데크에는 바비큐 시설 등을 배치했다. 이곳의 장점 가운데 하나는 부대시설을 알차게 마련했다는 것이다. 한여름의 무더위를 해소하기 안성맞춤인 수영장 3곳, 각종 음료를 판매하는 카페, 대규모 인원을 수용 가능한 무대 광장, 캠핑에 필요한 먹을거리 등을 판매하는 매점 등의 편의시설이 있다. 캠핑장과 가까운 거리에 베어트리파크, 고복저수지, 비암사 등의 관광지도 있어 연계 여행도 가능하다.",,http://www.daonsup.com,세종특별자치시 전동면 깊은내길 213,"- 입실 15:00
- 퇴실 11:00",연중무휴,"- 글램핑 105,000원~255,000원
- 당일 글램핑 105,000원~170,000원
- 워터풀 그늘정자 60,000원~100,000원
※ 자세한 사항은 홈페이지 참조 및 전화 문의 요망",있음, 좋은 모든 일들이 다 온다는 뜻의 즐거움 가득한 글램핑 공간 다온숲 추천합니다.다온숲 캠핑장은 송학산과 조천천 인근에 위치한 덕분에 자연친화적인 캠핑을 만끽할 수 있고 편의시설도 많아서 추천합니다.,,,,,,,,,,,,,,,,,,,,,,,,,,,,,,,,,,
1,뽀로로파크 세종점,"뽀로로파크 세종점은 세종특별자치시 어진동에 위치하고 있다. 놀이를 하면서 교육 효과를 창출하는 에듀테인먼트 공간이며 친근한 뽀로로 캐릭터로 어린이들을 서로 연결하고 함께 즐기는 놀이문화의 장이다. 입구로 들어서면 뽀로로 오션월드를 시작으로 뽀로로 기차 정거장, 삐삐뽀뽀 우주선, 뚜뚜 드라이빙, 패티 게임존 등 여러 가지 즐길 거리가 펼쳐진다.",,http://www.pororopark.com/,세종특별자치시 갈매로 351 에비뉴힐 B동 지하1층,11:00~19:00 (입장 마감 17:00),설·추석,,,아기들 놀거리도 많아 돌아기가 오기도 좋았어요. 퍼레이드 기차 소극장 뛰뛰빵빵 에어바운스까지 아이가 너무 좋아해 앞으로 자주 갈 예정입니다,가능,"- 어른 10,000원
[어린이]
- 2시간 23,000원
- 3시간 26,000원
※ 무료 : 다자녀가구 세자녀 이상 함께 입장 시 셋째부터 무료 (증빙서류 필참)
※ 자세한 사항은 홈페이지 참조",,,,,,,,,,,,,,,,,,,,,,,,,,,,,,,,뽀로로 오션월드 / 뚜뚜 드라이빙 / 통통이 소극장 등
2,부용체육공원,"부용체육공원은 금강변에 위치한 자연친화적인 공원으로, 매년 봄이면 넓은 유채꽃밭이 조성되어 아름다운 풍경을 자랑한다. 공원은 연인이나 가족, 아이들과 함께 봄나들이하기에 적합한 장소로 손꼽힌다. 자전거도로가 잘 정비되어 있어 강변을 따라 자전거를 타는 시민들도 많다. 세종시에서 제주도 못지않은 유채꽃밭을 가까이에서 만날 수 있는 공간이다.",,https://www.sejong.go.kr/tour.do,세종특별자치시 금호선말길 1,상시 개방,연중무휴,,,"규모가 크지는 않지만, 세종 시민들은 멀리 가지 않아도 유채꽃을 즐길 수 있어 좋네요. 이 길은 자전거가 지나가는 길이고, 나무 그늘 아래 벤치가 있어 거의 대부분의 라이더들이 이곳에 잠시 멈췄다 갑니다.",가능,무료,,,,,,,,,,,,,,,,,,,,,,,,,,,,,,,,
3,방축천 음악분수,"방축천은 세종시 도심을 남북으로 가로지르는 하천으로, 시민들의 산책과 여가 공간으로 많은 사랑을 받고 있다. ‘방축’이라는 지명은 조선 후기 도선이 마을 지형이 방 안의 소처럼 생겼다 하여 ‘방축골’이라 불렀고, 마을에 방죽이 있어 붙여졌다고 전해진다. 방축천은 어진동에서 시작해 제천과 합류한 뒤 금강으로 흘러간다. 하천을 따라 조성된 수변공원에는 자연 생태학습장, 수변식물 테마공원, 세종광장 등이 있어 도심 속 휴식처 역할을 한다. 여름철에는 신나는 음악과 화려한 조명이 어우러진 음악분수가 운영되어 아이들과 가족, 연인들이 즐겨 찾는 명소이다.",,,세종특별자치시 어진동 450-25,"- 평일 20:30~20:50
- 주말 19:30~19:50, 20:30~20:50",연중무휴,,,추석연휴 보름달과 즐기는 방축천 음악분수 환상적이네요. 시원한 분수와 신나는 음악의 콜라보가 좋아요. 여름밤 시원한 밤 나들이 하기 좋아요.,가능,,,,,,,,,,,,,,,,,,,,,,,,,,,,,,,,,
4,세미퍼블릭(SEMIPUBLIC),"세미퍼블릭(SEMIPUBLIC) 은 ‘반쯤 열린’이라는 의미처럼, 공공성과 사적 공간이 조화롭게 공존하는 복합문화예술 공간이다. 창작 중심의 스튜디오이자 로컬 예술 커뮤니티로, 미술 재료·디자인 북·조형 오브제가 감각적으로 배치된 환경 속에서 다양한 창작 활동과 예술 체험이 이루어진다. 방문객은 지역 아티스트의 감성과 현대적 예술 세계를 동시에 경험할 수 있으며, 운영되는 문화예술 프로그램을 통해 소도시 일상 속에서 특별한 영감을 얻을 수 있다. 또한 세미퍼블릭은 문화예술을 기반으로 국내·외 관광객을 유치하고, 누구나 쉽게 예술을 경험하고, 직접 참여할 수 있는 기회를 제공한다.",,http://www.semipublic.co.kr/,세종특별자치시 조치원읍 조치원로 3-1,10:00~18:00,매주 월요일,,있음,세종 조치원 이색 데이트 장소 예술을 통해 힐링 공간을 찾는 분들께 추천드려요. 단돈 만 원으로 알찬 하루를 보냈어요.,불가능,무료 (체험비 별도),전 연령,,,,,,,,,,,,,,,,,,,,,,,,,,,,,,,색감으로 경험하는 OIL PAINTING
5,비암사 도깨비도로,세종특별자치시에 위치한 비암사 도깨비 도로는 내리막 길이지만 마치 올라가는 것과 같은 착시현상을 일으키는 구간을 말한다. 비암사로 올라가는 약 1.3㎞ 중간지점쯤 약 150m 구간이 해당된다. 도깨비 도로의 시작과 끝을 알리는 안내판이 세워져 있어 호기심 많은 관광객은 한 번쯤 시험해보기도 한다.,,,세종특별자치시 비암사길 137 비암사,상시 개방,연중무휴,,,내리막 길이지만 마치 올라가는 것과 같은 착시현상을 일으키는 구간을 말한다.깨비 도로의 시작과 끝을 알리는 안내판이 세워져 있어 호기심 많은 관광객은 한 번쯤 시험해보기도 한다.,가능,무료,,,,,,,,,,,,,,,,,,,,,,,,,,,,,,,,
6,대평시장,"세종대평시장은 세종특별자치시 금남면 용포리에 위치한 전통시장으로 약 3,000평 규모를 갖추고 있다. 현재 69개 동에서 약 160여 명이 상업에 종사하고 있다. 매월 2일, 7일, 12일, 17일, 22일, 27일에 5일장이 열리며, 장날 방문객은 약 300명으로 파악된다. 먹거리, 농산물, 생필품 등 다양한 품목을 구매할 수 있다. 시장 인근에는 백로 서식지와 금강자연휴양림 등 자연 친화적인 문화공간이 있어 방문객의 여가 활동에도 적합하다.",,https://www.sejong.go.kr/index.jsp,세종특별자치시 금남면 대평시장1길 17-2,점포별 상이함,점포별 상이함,,,5일장날 방문해보았는데 조금은 쓸쓸한 분위기로 방문객이 조금은 줄은 듯했지만 금남면 근처 3생활권 거주 고객층들이 늘어나며 점차 상권을 회복하고 있는 모습이었어요.,"가능
요금 (최초 60분 무료 / 이후 15분 당 400원씩 추가 요금 발생)",,,각종 먹거리 / 채소류 / 생선류 / 육류 / 의류 / 생활용품 등,출입구까지 턱이 없어 휠체어 접근 가능함,주출입구는 턱이 없어 휠체어 접근 가능함_무장애 편의시설,,,,,,,,,,,,,,,,,,,,,,,,,,,,
7,김종서 장군 묘,"세종특별자치시 전의면에 있는 이 묘소는 조선 단종 때의 충신 절재 김종서(1383∼1453) 장군의 무덤이다. 김종서는 태종 5년(1405) 문과에 급제한 뒤 함길도 도절제사 등 여러 관직을 역임하였으며, 세종 16년(1434)에는 6진을 개척해 현재의 두만강 국경선을 확정 짓는 업적을 남겼다. ‘고려사’, ‘고려사절요’, ‘세종실록’ 등의 편찬에도 참여해 학문적 역량을 보여주었다. 단종이 즉위하자 좌의정으로서 어린 왕을 보필했으나, 단종 1년(1453) 수양대군에게 살해당해 두 아들과 함께 목숨을 잃었다. 묘비와 '충신정려' 현판은 영조 22년(1764)에 세워졌고, 약 200평 규모의 묘역에는 근래에 설치된 둥근 담장과 삼문이 있다.",,https://www.khs.go.kr/main.html,세종특별자치시 장군면 대교리,09:00~18:00,연중무휴,,,주차를 하고 묘로 가기 전에 보이는 충익사는 안으로 들어가지 못 하고 외부에서만 볼 수 있었어요.숲속으로 들어가면 김종서 장군 묘가 있어요.묘보다 옆에 서있는 석상의 모습이 정말 신기했어요.,가능,무료,,,,,세종특별자치시 기념물 김종서 장군 묘 (2012.12.31 지정),,,,,,,,,,,,,,,,,,,,,,,,,,,
8,연기대첩비공원,"세종특별자치시 연서면 고복저수지시립공원 안에 위치한 공원으로, 연기대첩을 기념하기 위한 사업의 일환으로 조성되었다. 1997년 고복저수지 상류에 높이 10m의 연기대첩비가 건립되었으며, 그 주변 지역이 공원으로 꾸며졌다. 연기대첩은 1291년(고려 충렬왕 17년) 원나라 반란군 합단적을 한희유, 인후, 김흔 등이 지금의 정좌산에서 격파한 전투로, 고려사·고려사절요·동국여지승람 등에 기록된 고려 7대 대첩 중 하나이다. 공원에는 대첩비 외에도 급수대, 시범 화장실, 주차장, 놀이시설, 파고라, 잔디광장 등의 편의시설이 갖추어져 있다. 가족 단위 관광객들이 자주 찾는 지역 명소이다.",,,세종특별자치시 연서면 도신고복로 586,상시 개방,연중무휴,,"장애인 화장실 있음(주차장 공중화장실,경사로설치됨)","야외 조각 작품들을 자주 만나면서 꽤 흥미로운 시간이 되었다. 수변을 산책하며 따스한 봄의 기운을 느끼고, 조각가들의 땀과 정성이 들어간 결과물을 음미하는 행복한 추억이 된다.",가능,무료,,,출입구까지 턱이 없어 휠체어 접근 가능함_무장애 편의시설,,,,,,,,,,,,,,,,,,,,,,,,,,,,기저귀교환대 있음(화장실에 설치됨),
9,도토리숲키즈파크,"도토리숲 키즈파크는 아이들이 자연 속에서 안전하고 즐겁게 놀 수 있도록 다양한 체험형 놀이시설을 갖춘 공간이다. 숲속놀이터에는 줄 건너기, 그네, 해먹 등 자연친화적인 놀이기구가 마련되어 있으며, 쁘띠아르 조각공원에서는 다양한 조각작품과 꽃, 나무를 감상할 수 있다. 소나무 산책길은 피톤치드를 마시며 휴식을 즐길 수 있는 힐링 공간이다. 싱커토이 놀이터, 상상블록 체험 등은 아이들의 사고력과 협동심을 키울 수 있도록 구성되어 있다. 예술 전시공간인 랑 갤러리와 디저트를 즐길 수 있는 쁘띠아르 카페도 함께 운영되고 있다.",,"공식 홈페이지 http://dotorisoopkidspark.com/
공식 인스타그램 https://www.instagram.com/dotori9888",세종특별자치시 장군면 영평사길 34,10:00~18:00,매주 월요일,,있음,더운 여름 아이와 정말 즐겁게 놀았어요 미꾸라지도 잡고 시원한 계곡에서 물놀이도 하고 아이가 좋아할 모든것들이 한곳에 있어 시간 가는줄 모르고 놀았네요 가을에 또 겨울에 계절에 맞는 다양한 즐길거리가 있다고하니 세종 여행때 꼭 다시 가려고 합니다,가능,"10,000원",,,,,,숲 속 놀이터 / 쁘띠아르 조각공원 / 소나무 산책길 / 싱커토이 놀이터 / 랑 갤러리 / 쁘띠아르 카페 등,,,,,,,,,,,,,,,,,,,,,,,,,,"정원과 숲에서 봄맞이 탐색하기 / 미꾸라지 잡아보기 / 도토리랑 밤줍기 / 야외 투호놀이 등
※ 계절별로 상이하므로 홈페이지 참조"
10,금강수변공원,"금강수변공원은 세종시 보람동에 자리 잡고 있다. 금강변을 조망할 수 있어 연중 많은 사람이 찾는다. 공원 바로 옆에 넓은 주차장이 마련되어 있어 편하게 주차할 수 있다. 공원에는 금강수변공원 야영장을 비롯해 피크닉장, 바비큐장, 어린이 놀이 시설, 야외무대, 쉼터, 산책로 등 다양한 시설이 갖춰져 있다. 여름에는 음악분수대를 운영해 가족 나들이로 좋고 곳곳에 설치된 나무데크는 캠핑을 하거나 돗자리를 깔고 피크닉을 즐기기에 좋다. 인근에는 세종호수공원, 금강자연휴양림, 세종필드 GC가 있다.",,,세종특별자치시 보람동 623-1,상시 개방,연중무휴,,,이응다리 앞 산책하기 좋은 공원이예요~~ 매년 가을에 코스모스를 보러 갔던 장소입니다. 세종 코스트코 근처에 있고 대전에서도 가깝지만 진입로가 몇군데가 있어서 잘 보고 들어가셔야 해요. 인생샷을 건질 수 있었습니다.,가능,무료,,,,,,,,,,,,,,,,,,,,,,,,,,,,,,,,
11,세종중앙공원,"세종중앙공원은 약 138만㎡ 규모로 조성된 대형 공원으로, 다양한 식물과 테마형 정원을 감상할 수 있는 휴식 및 여가 공간이다. 2020년 11월 개방된 1단계 구역(약 52만㎡)에는 장남들광장, 복합체육시설, 가족여가숲, 가족예술숲 등이 조성되어 있다. 공원 곳곳에는 여름연못, 구름연못, 물빛연못, 음악분수, 쿨링포그 등 다양한 수경시설이 설치되어 자연과 어우러진 휴식 공간을 제공한다. 공원중심센터, 도시전망대, 스포츠지원시설 등 주요 편의시설도 갖춰져 있다. 야구장, 축구장, 농구장 등 12여 종의 체육시설이 마련되어 시민들의 건강한 여가 활동을 지원한다.",,https://www.sjfmc.or.kr/sjpark/,세종특별자치시 중앙공원로 60 (세종동),05:00~23:00,연중무휴,,장애인 화장실 있음,노을 질때 공원 너무 아름다워요. 근처 살면 매일 저녁마다 나올것 같아요 해질녘 공원산책하기 좋아요 넓은 잔디밭과 앉아 쉴 수 있는 공간이 풍부해요 세종 방문했다가 밤에 산책했는데 너무너무 좋았어요,가능,,,,출입구까지 턱이 없어 휠체어 접근 가능함,주출입구는 턱이 없어 휠체어 접근 가능함,,장미원 / 한놀이마당 / 야구장 / 여름연못 / 구름연못 등,장애인 주차장 있음_무장애 편의시설,,,,,,,,,,,,,,,,,,,,,,,,,
12,세종시립민속박물관,"세종시립민속박물관은 폐교된 금사초등학교를 활용해 2012년에 개관한 민속 전문 박물관이다. 상설전시실과 기획전시실에서 다양한 민속유물을 전시하고 있으며, 생활 속 전통문화를 이해할 수 있는 교육의 장이다. 전통모자 써보기, 칠교놀이, 투호 던지기 등 다양한 전통놀이를 체험할 수 있는 체험학습실도 마련되어 있다. 박물관에는 유물을 보관·연구하는 수장고와 문화유산을 연구하는 학예연구실, 야외 민속품을 관람할 수 있는 전시장도 갖추고 있다. 전시와 체험을 결합한 복합 문화공간으로 지역 주민과 가족 단위 관람객에게 인기를 끌고 있다.",,http://www.sejong.go.kr/museum.do,세종특별자치시 전의면 금사길 75,09:00~18:00 (입장마감 17:30),매주 월요일 / 1월 1일 / 설날 및 추석명절 당일,무료,장애인 화장실 있음(1층),학교를 박물관으로 만들어서 느낌이 새로웠고 내부도 알차지만 운동장이 넓어서 돗자리 깔고 소풍으로 와도 좋을거같아요,가능,,,,출입구까지 경사로가 설치되어 있음,주출입구는 경사로가 있어 휠체어 접근 가능함,,,장애인 주차장 있음_무장애 편의시설,전시실 / 체험학습실,대여가능,,,,,,,,,,,,,,,,,,,,,,,전통민속놀이 / 한복 입어보기 (어린이) 체험
13,연기향토박물관,"연기향토박물관은 세종특별자치 시내 출토유물, 전래유물을 모아 만든 박물관으로 1996년 8월 14일 개관했다. 박물관에서는 연기군의 역사, 문화를 살펴볼 수 있는 자료를 전시하고 있으며, 특히 세종특별자치 시내의 도요지에서 출토된 자료가 많고 선사 유물, 삼국, 고려, 조선, 일제강점기, 근대 유물을 전시하고 있다. 전시유물은 불상, 무기(화살·창), 오 층 석탑, 토기, 청자, 분청사기, 청동, 백자, 기와, 민화, 상소문, 목판, 책, 소방 기구, 가구, 농사 관련 각종 기구, 나무로 만든 쥐덫 등 총 1,000여 점이다. 유물 외에 민속놀이 기구와 지명의 유래, 전설, 설화, 민속 등에 관한 기록도 전시되어 있어 지역의 역사를 아는 데 도움이 된다.",,http://cafe.daum.net/yghmuseum,세종특별자치시 연서면 양대길 34-4,09:00~18:00,연중무휴,"[개인]
- 성인 3,000원
- 어린이, 청소년 2,000원
[단체]
- 성인 2,500원
- 어린이, 청소년 1,500원
※ 자세한 사항은 홈페이지 참고",,다녀본 박물관중에 이렇게 관리가 안된곳은 처음이네요ᆢ 너무나 협소하고 쾌쾌한 곰팡이 냄새가 코를찌르고 머리를띵하게 하여 관람을 할수없어 바로 나왔네요,가능,,,,,,,,,,,,,,,,,,,,,,,,,,,,,,,,,전통놀이 / 다례예절 / 전통예절 / 솟대 만들기 / 한지공예 등
14,조치원문화정원,"조치원 문화정원은 조치원 정수장이었던 공간을 리모델링해 조성된 예술문화공간이다. 1935년 설립되어 78년간 공공 정수시설로 기능했던 이곳은 근대문화유산으로서의 가치도 지닌다. 현재는 청년과 지역 주민이 어우러질 수 있는 창작·전시·커뮤니티 공간으로 새롭게 탈바꿈했다. 공간은 창작공간 ‘원’, 전시공간 ‘샘’, 커뮤니티공간 ‘뜰’, 기억공간 ‘터’, 그리고 중앙의 문화정원과 야외공연장으로 구성된다. 도시재생과 청년문화 정착을 위한 대표적인 사례로 주목받고 있다.",,https://jochiwonlandmark.imweb.me/,세종특별자치시 조치원읍 수원지길 75-21 조치원문화정원,10:00~22:00,매주 월요일,※ 행사별 상이하므로 홈페이지 참고,,조치원 문화정원은 읍내에 수도물을 공급하는 수원지로 더 알려져 있는 정수장이였습니다. 조치원주민들의 식수를 책임지다가 시민 모두가 자유롭게 다녀갈수있는 문화정원으로 거듭났는데요. 오늘 하늘도 맑은날 방문하기에 참 좋았습니다. 분수시설 등 아이들이 뛰어 놀수있는 공간이 조성되어 있어 아이들과 함께 가기에도 좋을것 같습니다.,가능,,,,,,,,,커뮤니티공간 뜰 / 창작공간 원 / 전시공간 샘 / 야외무대 등,,,,,,,,,,,,,,,,,,,,,,,,문화정원체험프로그램
15,달메뜰근린공원,"달메뜰근린공원은 세종시 연기면 세종리에 자리 잡고 있다. 공원에는 이색적인 놀이 시설이 있는 유아숲 체험원을 비롯해 나무 그늘 아래에서 피크닉을 즐길 수 있는 쉼터, 어린이 체험 학습이 가능한 생태 못 등이 갖춰져 있다. 공원과 가까운 거리에는 원수산 MTB공원, 세종필드GC, 전월산 국민여가캠핑장이 위치해 있다.",,,세종특별자치시 보듬4로 86 (도담동),상시 개방,연중무휴,,있음,심플해 보이지만 초등학교 저학년이 경험해 보기엔 만만치 않은 높이가 일단 아이들에게 위압감을 준다. 그리고 의외로 이 단순한 놀이기구에 아이들이 매우 신나해 한다는 것에 적잖은 놀라움이 있었다.,불가능,,,,,,,,,,,,,,,,,,,,,,,,,,,,,,,,,
16,삼버들협동조합,"삼버들협동조합은 큰 버드나무 세 그루가 있었다 하여 지어진 부강의 옛 지명 ‘삼버들’에서 따온 이름으로 전통문화향유 활성화 사업 및 교육 콘텐츠를 기획하는 마을기업이다. 2018년부터 14개의 지역 문화재를 활용한 도보여행 코스 ‘작은 여행자마을’을 운영하며 역사공간을 활용해 문화공연과 돌잔치, 전통혼례장소 대관을 하고 있다.",,,세종특별자치시 부강면 시장1길 6,09:00~18:00,연중 무휴 (사전 예약 필수),,,찾는 장소가 없습니다. 전통문화를 지키는 모습 멋집니다♡♡,가능,"체험 : 15,000원 / 판매 : 45,000원",,,* 휠체어가 올라갈 수 있는 경사로가 설치되어 있음,* 부 출입구에 휠체어 통과 가능,,"삼버들작은도서관, 부강성당, 김재식고가, 부강초등학교 등",,,,,,,,,,,,,,,,,,,,,,,,,,민들레 홀씨(영상 기록) / 전통 혼례 / 도보탐방
17,비녀랑 한복이랑,"<비녀랑 한복이랑> 사업은 세종특별자치시 조치원읍에 위치하고 있으며 40여 년간 방송 영화, 드라마, 각종 문화 행사에 참여한 가체, 장신구, 여인들의 생활용품과 각종 민속품 등이 전시되어 있다. 특히 국가 표준영정에 참여한 가체 (신사임당, 논개, 제주만덕)와 복식을 구경할 수 있으며 드라마와 영화에서 본 가체 써보기와 만들기도 해 볼 수 있다.
전통 공예 만들기 체험으로는 비녀 만들기, 갓 만들기, 상투 만들기, 가체 만들기, 금강초롱 만들기가 있으며 다양한 전통복식을 즐길 수 있다. 특히 청소년들의 성인식 체험은 사전 예약이 필수이며 학생들에게 잊지 못할 추억으로 남을 것이다.",,https://blog.naver.com/koreabh100,세종특별자치시 조치원읍 안터길 107,10:00~18:00,월요일,,"* 장애인용 화장실 있음(1층 안내 데스크 왼쪽, 남녀 분리)",여기는 여인생활사 박물관,20대 가능,,,,,* 주 출입구에 휠체어가 통과 가능함,,박물관 견학/ 민속품 견학,,,,체험 프로그램별 이용요금 상이하므로 전화 문의 요망,"* 엘리베이터 있음 (장애인용,휠체어 2대크기) * 휠체어 리프트 있음",,,,,,,,,,,,,,,,,,,,,"전통 공예 만들기 체험 (비녀 만들기/ 한복 머리띠 만들기/ 금강초롱 만들기/ 가체 만들기)
전통 복식 및 한복 체험 (왕실 가족 체험/ 드라마 인물 체험 (황진이, 장금이, 포도대장, 선비, 유생)"
18,국립조세박물관,"조세박물관은 세금의 역사와 조세제도, 국세행정의 발전과정을 소개하여 세금의 중요성을 느낄 수 있는 국내유일의 세금전문박물관이다. 세금의 중요성을 홍보하고 국세행정에 대한 이해를 도모하고자 ‘대국민 교육의 장’으로서 설립되었다. 각 시대별 조세제도의 내용과 역사적 사건에 관한 자료들을 정리하여 전시하고 있으며, 세금과 관련된 각종 도서와 연구논문 등을 수집관리하고 있다. 학생들에게는 세금 체험 장소로, 연구자들에게는 자료관으로 이용되고 있다.",,https://www.nts.go.kr/museum,세종특별자치시 국세청로 8-14 (나성동),09:00~18:00 (입장 마감 : 마감 1시간 전),매주 월요일 / 법정휴일(일요일 제외),무료,장애인 전용 화장실 있음,휴일에 아이랑 어디갈까 고민하다가 다녀왔었어요 규모는 작았지만 과거 조세제도부터 현재까지 알 수 있게 전시되어 있었고 스크린으로 하는 게임이나 퀴즈로 아이들이 재미있게 세금에 대해 알 수 있도록 만들어 놓은 곳이었어요 사진이 들어간 현금영수증카드도 만들 수 있어서 아이 걸로 하나 만들어 왔어요 가볍게 방문하기 좋을 듯 합니다 세종시 나성동에 위치한 국립조세박물관에 다녀왔어요. 세금이라는 개념이 아이들에게 어려운 주제이지만 세종 중심지에 위치한 만큼 접근성이 좋아 반복해서 방문하면 아이가 점차 이해하는 폭이 넓어질 것 같아요.,가능,,,,출입구까지 단차가 없어 휠체어 접근 가능함_무장애 편의시설,주출입구는 단차가 없어 휠체어 접근 가능함,,,,,,,,,,,,,,,,,,,,,,,,,,,,내가 만드는 우리 동네 / 어린이 세금 체험교실 / 청소년 세금교실 등
19,밀마루전망대,"밀마루 전망대는 세종시의 중심 행정중심지 중앙에 있으며 동서남북 어디서든 세종의 신도심을 볼 수 있게 되어 있다. 밀마루는 연기군 남면 증촌리의 옛 지명으로 낮은 산등성이라는 뜻이다. 해발 98m의 구릉 위에 자리 잡은 밀마루전망대는 예전에는 주변 건물이 없어 우뚝 솟아오른 느낌이 컸는데 지금은 워낙 건물이 많이 들어서 예전과 다른 느낌이다. 엘리베이터는 누드 형 구조로 바깥이 보여 올라가는 속도감을 느낄 수 있다. 초속 30m 바람이 불면 데크가 8.5cm 정도 움직임이 느껴진다. 행정도시 조감도와 청사 모형도, 망원경, 모니터로 현재의 모습과 과거, 방향 표시가 잘 되어 있어 조망하기 좋다. 정부 세종청사와 세종시청까지 볼 수 있다. 또한, 휴게실에 영상과 조감도가 있어 세종시의 규모를 숫자로 확인할 수 있다.",,https://www.sejong.go.kr,세종특별자치시 도움3로 58 (어진동),09:00~18:00,"연중무휴
※ 명절 등 공휴일 전화문의 요망",,장애인전용화장실 있음 (1층),일단 무료이어서 좋았고 전망대이 올라가서 어느 방향에 가볼만한 곳이 있는지 찾을 수 있어서 좋았습니다. 그곳에서 대통령 기록관을 찾아 방문할 수 있었습니다. 아쉬운 것은 전망대 내에 다른 볼거리가 좀 있었으면 더 좋았을것 같다는 생각을 해봅니다. 직원분들 친절하심^^ 9층 전망대까지 엘레베이터 타고 1층부터 한 번에 쭉 올라감 전망대는 따뜻하고 아담한 공간이라 마음 편히 관람하기 좋았음. 오후6시가 폐장이니 오후5시쯤 오셔서 여유있게 관람하시면 좋을듯.,가능,무료,,,,무단차로 휠체어로 출입가능_무장애 편의시설,,,,,,,엘리베이터있음 (9층에는 계단이 2칸 있음),,,,,,,,,,,,,,,,,,,,,
20,세종전통문화체험관,"세종 전통문화체험관은 온고지신(溫故知新)의 뜻에 따라, 우리가 가진 옛것을 널리 알리고 깨우쳐 미래로 나아가는 공간으로 아이부터 어른까지 모두가 함께 전통문화를 배우고 느끼는 체험 활동을 경험할 수 있다. 전통예술 분야의 전문가 교육과 세종 시민 누구나 직접 참여할 수 있는 다양한 문화 체험을 향유할 수 있다. 모든 것이 급격하게 변하는 현대사회에서 체험관은 잠시 나를 돌아볼 수 있는 곳이다.",,http://www.jtchehum.com,세종특별자치시 모롱지로 94 (세종동),09:00~17:00,매주 월요일,,장애인용 화장실 있음(1층 엘리베이터 옆 남녀분리),"1층에서 있는 상설전시실은 불교 문화에 대해 살펴볼 수 있는 곳이었습니다. 개인적으로 흥미로웠던 건 절 구조를 설명하는 코너였어요. 일주문, 사천왕문, 대웅전, 명부전, 삼성각 등 우리나라 절의 배치와 각각의 의미를 배울 수 있었어요.","가능
요금 (무료)",,전 연령,,휠체어가 올라갈 수 있는 경사로가 설치되어 있음(3층),,,명상체험실 / 문화체험실 / 다목적실 / 전통예술체험실 등,장애인 전용 별도 주차칸 있음(지하주차장 2칸),,,,"엘리베이터 있음 (장애인용,휠체어 2대크기)",있음(1층),,,,,,,,,,,,,,,,,,,,"부모독서코칭 / 선과 명상 / 캘리그라피 등
※ 월별로 체험 프로그램이 상이함으로 자세한 사항은 홈페이지 참조"
21,금강보행교,"세종시의 랜드마크인 금강보행교는 국내 최초로 복층 일면 강관트러스교로 지어졌으며, 독창적인 디자인으로 도시미관 향상에 크게 기여하고 있다. 금강보행교는 환상의 시간여행이라는 설계 개념으로 세종의 환상형 도시구조를 형상화한 독창적인 디자인이며 교량상부는 보행편의를 위한 휴게 및 편의시설과 다양한 이벤트, 놀이 체험시설이 가득한 녹지 보행공간으로 조성했고, 교량하부에는 쾌적한 자전거 전용도로를 설치하여 보행자 안전을 보장하고 자전거 이용자들에게도 편의를 제공하고 있다.",,세종시 문화관광 https://www.sejong.go.kr,세종특별자치시 보람동,06:00~23:00,연중무휴,,있음,"여름에는 무더위가 없겠네요. 다리위를 산책 하는 새로운 경험 최고 였다.가끔씩 불어주는 바람의 매서움은써비스로 생각 너무 재밌는 경험을 했어요! 세종의 유명한 이응다리 한바퀴 걷고 왔어요 세종시의 랜드마크, 금강보행교로 떠나보았어요 독창적인 디자인도 멋있었지만 다양한 편의시설이 있어서 정말 좋았어요 자전거 타기에도 좋아보입니다 다음번엔 꼭 자전거를 타보려구요 세종시의 랜드마크, 금강보행교를 추천해요 세종시의 랜드마크인 금강보행교는 국내 최초로 복층 일면 강관트러스교로 지어졌으며, 독창적인 디자인으로 도시미관 향상에 크게 기여하고 있으며 디자인이 너무나 멋있습니다 가족들과 함께 꼭 가보세요 낮에도 좋지만 밤이 그저 좋은 곳이에요. 가볍게 산책하면서 주변경관을 즐기고 왔답니다",가능,무료,,,,,,,,,,,,,,,,,,,,,,,,,,,,,,,,
22,조치원테마거리,"전통시장 안에서 역사와 문화를 가치로 추구하며, 세종전통시장 활성화와 세종시 10가지 지역자원 보존 및 홍보를 위해 청년, 지역주민, 상인 등이 함께 만들어진 공간으로 투박하지만 소소한 재능들을 모아 피와 땀으로 옛 번화가 골목으로 실현시킨 레트로 감성이 가득한 공간이다.",,,세종특별자치시 조치원읍 장안로 10-8,"하절기 10:00~18:30
동절기 10:00~18:00","매주 월요일
(단, 월요일 장날시 화요일 휴무 ※장날: 4일, 9일)",,,"규모는 조금 작았지만 골목길에 가득 찬 레트로 감성에 한걸음 한걸음을 천천히 걸어야 했습니다. 골목길에 들어서니 마실카페와 문방구, 공방이 눈에 들어왔는데요. 학교가 끝나면 달려갔던 문방구 앞 오락기도 그대로였고 50원이면 사먹을 수 있었던 불량식품도 너무나 반가웠습니다. 마실카페의 작은 다락방은 어릴적 살던 집의 다락방처럼 포근하기만 했고 오래된 교과서와 만화책들까지. 조금은 먼지가 쌓인 오래된 소품들을 보니 어린 그때의 시절로 돌아간 듯 했습니다.",가능,,전 연령,,,,,,,,,,,,,,,,,,,,,,,,,,,,,,,전통시장 런닝맨 / 커피박체험 / 달고나체험 / 옛날교복체험 등
23,세종 임난수 은행나무,"은행나무 두 그루의 나이는 약 600년 정도로 추정된다. 숭모각 입구 우측에 위치한 은행나무는 높이 20m, 뿌리목 둘레 6.9m이며, 입구 좌측의 은행나무는 높이 19m, 뿌리목 둘레 5.4m이다. 임난수 은행나무에 관한 기록은 1674년 간행된 『부안임씨세보』의 부조사우도에 은행나무 한 쌍과 행정(杏亭)에 대해 언급되어 있다. 또한, 충청도 공주목의 『공산지(1859)』 부조사우(不祧祠宇)와 『연기지(1934)』에도 은행나무에 관한 내용이 전해진다. 세종 임난수 은행나무는 여러 문헌에 기록될 만큼 역사적 가치가 매우 크다. 특히 암수 한 쌍으로 이루어진 노거수로, 기존에 단목으로 지정된 은행나무와 구별된다. 유교 문화와 관련된 행단(杏壇)의 좌우 대칭으로 심는 전통 재식 방식과 전월산 자락의 숭모각과 조화를 이루는 경관도 뛰어나다. 현재까지도 부안임씨 후손들이 매년 은행나무 목신제를 지내고 있어 학술적·경관적 가치가 크며, 이에 천연기념물로 지정·보호되고 있다.",,https://www.khs.go.kr/main.html,세종특별자치시 세종동,상시 개방,연중무휴,,,올해엔 은행나무가 늦게 물드네요 온난화의 영향이 어디까지 미칠런지.. 그래도 나무는 그 자체로 너무 아름다워요,가능,무료,,,,,천연기념물 세종 임난수 은행나무 (2022.05.12 지정),,,,,,,,,,,,,,,,,,,,,,,,,,,
24,금강대도,"세종특별자치시 금남면 금천리에 위치한 금강대도는 한국 자생 종교의 본원으로, 1874년에 창도되었다. 이 종교는 도덕적으로 타락한 인류를 구원할 구세주로서 건곤부모의 지상화현을 믿으며, 의성을 중심 사상으로 천지인, 유불선, 심성신의 삼합 원리를 추구하여 도덕적 화합을 이루는 이상 낙원의 건설을 목표로 한다. 일제강점기에는 민족정신 함양과 독립의 희망을 주창하며 일제의 혹독한 탄압을 받은 민족종교로서의 역할을 하였다. 금강대도는 유·불·선의 진리를 하나로 통합해 인류의 미래인 후천시대 오만 년 동안 도덕 문명으로 중생을 제도하고 대동세계를 이루고자 창도된 오랜 역사의 한국 민족종교이다. 종교 시설물들은 일제강점기에 대부분 강제 철거되었으나 해방 후 복원되었으며, 금병로를 따라가다 보면 양쪽에 펼쳐진 연꽃밭이 아름다운 풍경을 이루어 지나가는 이들의 발걸음을 멈추게 한다. 입구에는 개도백년탑을 중심으로 조성된 공원이 있어 시민들에게 쉼터 역할을 한다. 단청이 아름답게 그려진 개화문을 지나면 오만수련광장, 금종루, 성경대, 삼청보광전, 그리고 대도덕성사 건곤부모님을 모신 삼종대성전 등을 차례로 만나볼 수 있다.",,https://www.sejong.go.kr/index.jsp,세종특별자치시 금남면 금천1길 78,상시 개방,연중무휴,,,"매화향이 가득한 봄철에 금강대도를 찾았을 적에 7,8월에 연꽃이 만개할적에 다시 오리라 다짐 했기에 오늘에사 이곳을 찾게 됩니다. 금강대도 입구 좌측에 연밭에는 연꽃이 생각대로 많이 피어 있어 걸음을 멈추게 됩니다",가능,무료,,,,,,,,,,,,,,,,,,,,,,,,,,,,,,,,
25,대통령기록전시관,"대통령기록전시관은 역대 대통령과 관련된 기록물을 보존하고 국민과 공유하기 위해 2016년에 개관한 전시 공간이다. 이곳은 대통령의 재임 기록, 정책 결정 과정, 주요 행사 자료 등 국가의 중요한 역사 기록을 전시하고 있다. 전시관 건물은 국새 보관함을 형상화한 정육면체 큐브 디자인으로, 대통령 기록물의 완전성과 영구성을 상징한다. 전시관은 지하 1층부터 지상 4층까지 구성되어 있으며, 관람은 1층에서 시작해 4층으로 올라간 뒤 한 층씩 내려오는 방식이다. 입구에 들어서면 1992년부터 2009년까지 사용된 대통령 의전차량이 전시되어 있다. 이 차량은 여러 역사적 순간을 함께한 상징적인 유산으로, 멋진 포토존으로도 활용된다. 전시관 내부에는 역대 대통령의 얼굴을 표현한 대형 예술작품이 전시되어 있다. 작품은 각 대통령의 취임사에서 추출한 키워드로 구성되어 있어, 시대별 철학과 정책 방향을 읽을 수 있다. 3층에 위치한 대통령 공간은 청와대의 집무실, 접견실, 춘추관 등을 사실적으로 재현한 공간이다. 관람객은 대통령 의자에 앉아보거나 연설 단상 앞에서 사진을 찍을 수 있는 특별한 체험을 할 수 있다. 지하 1층에는 만 5세 이상~13세 이하 어린이를 위한 어린이체험관이 있다. 이곳에서는 대통령 선거 포스터 만들기, 취임 우표 제작 등 다양한 체험 프로그램이 운영된다. 체험관은 개인 및 단체 모두 사전 예약제로 운영된다.",,https://www.pa.go.kr/index.jsp,세종특별자치시 다솜로 250 (어진동),"10:00~18:00 (입장마감 17:30, 관람종료 17:50)","매주 월요일 / 법정공휴일 (※ 단, 어린이날은 개관) / 대통령기록관장이 지정하는 날",무료,장애인 화장실 있음,"대통령에 대한 관심이 많아진 아이들과 방문해보았습니다. 조금 어려운 내용일까봐 걱정하며 방문해는데 지하 1층 어린이체험관이 있어서 생각보다 유익한 시간이었어요. 대통령이 되기 위해 노력하는 과정과 대통령이 된 후 어떤 활동을 하는지 자세한 체험이 가능한 곳이었습니다. 그리고 1층 부터 4층까지 있는 대통령 기록관도 지난 대통령 기록을 볼 수 있어서 유익합니다. 개인적으로 대통령 취임사 영상관...
더보기 역대 대통령을 만날 수 있었던 유익한 시간이었습니다 대통령 체험해볼 수 있는 공간도 좋았고 세계 각국의 주요 인사들로부터 받은 선물 전시공간은 정말 흥미로웠습니다 아이들과 함께 대한민국의 역대 대통령님을 배우고 알아가는 유익한 시간 만들면 좋을 거 같아요. 우리가 살고 있는 대한민국을 몸소 느끼며 지식도 쌓을 수 있으니 일석이조 만족스러울 거 같아요 세계 각국의 귀빈들이 방문할때 대통령에게 준 선물이 전시된 공간이 있어요. 신기하고 귀한 물건들 보는 재미도 있네요 아이들과 방문하기 좋아요.특히 어린이 체험. 사전 예약 후 방문하면 더욱 알찬 방문이 될 듯요^^ 무료입장 가능! 여기 은근히 볼거리 많아요 근처 호수공원 들린 김에 여기도 꼭 방문해보세요",가능,,,,출입구까지 턱이 없어 휠체어 접근 가능함,주출입구는 턱이 없어 휠체어 접근 가능함(수동문),,,장애인 주차장 있음_무장애 편의시설,,대여가능,,엘리베이터 있음,수유실 있음(전시관 1층 구름다리 건너편),대여가능,장애인 전용 관람석 있음(5석/2층 대강당),점자안내판 있음,음성안내 버튼 있음(점자안내판),,,,,,,,,,,,,,,,대통령기록문화 체험교실 / 진로탐색교실 / 기록문화 나들이
26,운주산성,"일명 고산산성으로 불리는 운주산성은 백제 시대의 유적으로, 전동면 미곡리·청송리와 전의면 동교리·신정리 경계 지점에 위치한 운주산(해발 459.7m)을 중심으로 조성된 산성이다. 운주산성은 운주산의 지형을 이용해 축조된 성곽으로, 둘레 약 3,210m, 폭 2m, 높이 2~8m에 이르는 웅장한 규모를 자랑한다. 분지형의 산세와 수려한 자연 경관이 어우러져 뛰어난 풍치를 자랑하는 산성이다. 성벽은 자연 지형을 최대한 활용해 쌓았으며, 북벽과 동벽은 운주산 정상에서 서쪽과 남쪽으로 뻗은 능선을 따라 이어졌고, 남벽은 산봉우리를 감싸는 형태로 축조되었다. 서벽은 서쪽 능선을 가로지르며 형성되어, 전체적으로 북쪽은 해발 고도가 높고 서남쪽은 낮은 지형적 특성을 보인다. 서문, 남문, 북문에서 문지(門址)가 확인되지만, 대부분 붕괴되어 원형을 정확히 파악하기는 어렵다. 운주산성은 내성과 외성의 구조로 이루어져 있어 고대 산성 연구에 있어 중요한 자료로 평가된다. 성 안에는 성문 터, 건물 터, 우물 터 등이 남아 있으며, 정상 부근에는 기우제를 지냈던 제단으로 추정되는 원형 대지가 존재한다. 또한 성 내부에서는 백제 시대의 토기편과 기와편, 고려·조선 시대의 자기편과 기와편 등이 출토되어 오랜 세월에 걸친 역사적 흔적을 보여준다. 이 산성은 백제가 660년에 멸망한 이후, 풍왕, 복신, 도침 장군을 중심으로 일어난 백제 부흥운동군의 최후 항전지로 알려져 있다. 산성 입구에는 고산사라는 사찰이 있으며, 매년 음력 9월 8일이 낀 토요일에는 백제 멸망기의 의자왕과 부흥기의 풍왕, 그리고 백제 부흥운동 중 순국한 이들의 넋을 기리는 고산제가 열린다.",,https://www.khs.go.kr/main.html,세종특별자치시 전동면 청송리,상시 개방,연중무휴,,있음,"세번째 방문 자연친화적이고 풀내음과 초록빛이 가득한 고즈넉한 분위기의 운주산성입니다. 둘레길이 깔끔하게 잘 정리되어있어, 산행이나 산책하며 힐링하기 좋은 장소입니다. 가족여행으로 추천합니다^^ 친정엄마와 남편과 함께 다녀왔는데, 왕복 2시30분정도로 부담없이 갈 수 있어요. 산을 좋아하시는 엄마와 종종 가야겠어요 그래도 산은 산이라고 갔다와서 근육통이 있네요. 길을 잘 닦아나서 등산 하기는 수월해요. 낮은 산이지만 정상은 확 트인 경관이라 기분 좋아져요 세종시 운주산성 경관이 참좋은데, 정상부근의 성곽내 공원에 공용화장실이 없어서 상당히 불편합니다. 등산객 및 공원에서 휴식을 취하는 가족들이 편안하게 이용할수있는 공용화장실 설치가 필요합니다.",가능,무료,,,,,세종특별자치시 기념물 운주산성 (2012.12.31 지정),,,,,,,,,,,,,,,,,,,,,,,,,,,
27,"세종전통시장(4, 9일)","1931년에 개설된 세종전통시장은 90여 년의 전통을 지닌 시장이다. 세종특별자치시가 출범한 후, 2013년 4월에 조치원시장, 우리시장, 재래시장이 하나로 통합되어 지금의 세종전통시장이 되었다. 이곳은 평소에는 상설시장으로 운영되며, 매월 4일과 9일에는 오일장이 열려 더욱 활기를 띤다. 오일장이 열리는 날이면 천안, 공주, 대전 등지에서 상인들이 몰려오고, 지역 농가에서 직접 재배한 신선한 채소와 과일, 싱싱한 수산물, 공산품 등을 저렴한 가격에 구매할 수 있다. 시장 안에는 50년 전통의 수제 만두를 비롯해 저렴한 자장면, 줄을 서서 먹는 씨앗호떡 등 다양한 먹거리도 즐길 수 있어 방문객들의 발길이 끊이지 않는다. 또한, 세종전통시장을 활성화하고 지역 특산품을 널리 알리기 위해 조성한 ‘조치원 테마 거리’도 있어 풍부한 볼거리와 즐길 거리를 제공하고 있다.",,https://www.sejong.go.kr/index.jsp,세종특별자치시 조치원읍 조치원8길 42,※ 점포별 상이함,※ 점포별 상이함,,,"호떡이 먹고 싶어서 찾아보다 보니 세종전통시장이 맛있다고 해서 방문했습니다. 크지는 않지만 소소하게 구경하는 재미가 있어서 좋아요. 근처에 사신다면 한 번쯤 방문해 보시는 거 추천합니다 상설 시장에 4일, 9일이면 오일장도 같이 열립니다. 분식집을 포함한 여러 음식점이 근처에 있습니다. 줄서서 먹는 호떡도 유명해요. 공영주차장 1시간 무료입니다. 집앞에서 바로 가는 버스가 있기에 세종인근에서는 큰 시장인듯해서 버스타고 가보았어요 4일9일이 장이라고 하였지만 장날 아닌날 가보았는데 크더라구요 가서 배고파서 보리밥사먹고 카페에들어가서 팥빙수도 먹고 호떡이 유명하다해서 호떡도 사고 이것저것 사서 왔네요 앞으로 자주 가봐야겠어요 장구경 재밌어요 어린시절 엄마따라 버스타고 장구경같었는데 이제 다신 돌아갈수...
더보기 규모가 크진 않지만 다양한 먹거리들이 있어 좋았어요! 가격도 저렴하고 좋았습니다! 또 방문하려구요! 얼마전에 세종 전통시장에서 점심도 먹고 구경했습니다 장날이라 사람도 많고 볼거리도 많았습니다 다음에 친구들과 다시 한번 가보려고합니다~",가능,,,"곡물, 수산물, 식품, 과일, 잡화류 등",출입구까지 턱이 없어 휠체어 접근 가능함,주출입구는 턱이 없어 휠체어 접근 가능함,,,장애인 주차장 있음_무장애 편의시설,,,,,,,,,,,,,,,,,,,,,,,,,
28,국립세종수목원,"국립세종수목원은 국내 최초의 도심형 수목원이다. 세종정부청사와 인접한 위치에 있으며, 도심 속에서 자연을 체험할 수 있는 공간으로 조성되었다. 이 수목원은 기후 및 식생대별 수목유전자원의 보존과 자원화를 위한 국가수목원 확충계획에 따라, 국립백두대간수목원(2017년 5월 개원)에 이어 2020년 7월에 설립된 두 번째 국립수목원이다. 국립세종수목원은 크게 정원전시관람지구, 식물교육체험지구, 커뮤니티참여활동지구로 구성되어 있다. 정원전시관람지구는 총 9개 정원으로 이루어져 있다. 한국 전통의 미를 담은 한국전통정원을 비롯하여 분재원, 야생화원, 단풍정원, 양서류관찰원, 습지형 생태숲, 청류지원, 붓꽃원, 담장정원이 포함되어 있다. 식물교육체험지구는 총 11개의 공간으로 구성되어 있으며, 식물에 대한 이해와 체험을 목적으로 한다. 민속식물원, 사계절전시원, 희귀·특산식물원, 숲정원, 정원식물가늠터, 치산녹화원, 치유정원, 무궁화원, 유아숲체험원, 폴리네이터가든, IFLA 세계조경가대회 기념정원이 포함된다. 커뮤니티참여활동지구는 시민 참여와 여가 활동을 위한 공간으로, 어린이정원, 축제마당, 생활정원, 후계목정원, 감각정원, 공유정원 등 6개소로 구성되어 있다. 국립세종수목원은 사계절 내내 다양한 식물과 정원을 관람하며, 자연과 함께하는 삶의 가치를 되새길 수 있는 공간이다.",,https://www.sjna.or.kr,세종특별자치시 수목원로 136 (세종동),"- 하절기(3월~10월) 09:00~18:00 (입장마감 17:00)
- 동절기(11월~2월) 09:00~17:00 (입장마감 16:00)","매주 월요일 (단, 월요일이 공휴일인 경우 그 다음날 휴관) / 1월 1일 / 명절 당일",,장애인 화장실 있음,"세종 호수 공원이랑 가까워서 같이 들리길 꼭 추천하는 코스에요 근처에 국립 세종 도서관도 있어서 가족단위로 많이들 찾으시는 곳이죠~ 세종에 사시는 분들은 정말 자주 올 것 같아요 인근에 살면 너무 행복할 것 같은 곳이죠! 저는 지인 때문에 들렸는데 한바퀴 돌았는데 기분 너무 좋았어요 이용 요금도 성인 5천원으로 진짜 저렴해요 대한민국 최초의 도심형 국립 수목원으로 조성된 지중해 온실 열대 온...
더보기  여름은 비추!!! 봄,가을에는 꼭 방문해 보시길 추천드립니다. 순천만 국가정원과 비슷한 느낌의 수목원이었습니다. 규모도 크고 관리가 잘되고 있었습니다. 더운날은 무조건 거르시길... 프로그램도 많고 넓은 공간이라 너무 좋았습니다. 다만 전망대 엘레베이터가 에어컨에 없는 건지 좀 더웠을 뿐... 햇빛 받으려 야외활동 하기 너무 좋았습니다. 요즘 수목원 야간개장 한다해서 다녀와봤어요~ 주차하기도 편하고 볼거리가 많아서 너무 만족스러웠어요 예쁘게 꾸며놓은 전시실과 식물원에선 특이하고 다양한 식물도 많이 보았구요~ 주말엔 공연들도 하더라구요 재방문하고싶어요 아이들과 어른들과 3대가 함께한 여행. 모두 즐겁게 만족스럽게 잘 다녀왔습니다. 생각보다 넓고 곳곳에 쉴곳도 많고 테마별로 예쁘게 잘 꾸며져있어요 세종국립수목원 너무 좋아요. 철마다 느낌이 다르고 테마관은 주제를 다르게 변화를 주고 아이들하고 갈때마다 좋더라구여 이번 어린이날때는 공연까지 함께 해서 좋고 주라기 테마로 바뀐 특별관도 멋있었어요. 너른 잔디밭이 있어 아이들 뛰어 놀기도 좋고 정말 세종 시민으로 여행지 강추힙니다",가능,"[개인]
- 성인 5,000원
- 청소년 4,000원
- 어린이 3,000원

[단체(20명 이상)]
- 성인 4,000원
- 청소년 3,000원
- 어린이 2,000원

[무료] : 만 6세 이하, 65세 이상, 장애인, 국가유공자, 독립유공자, 참전용사, 기초수급자 등
※ 자세한 대상자는 홈페이지 참조

[할인대상자] : 지역 주민(세종특별자치시), 다문화가정, 국립백두대간수목원 연간회원 등(입장료 50% 할인)
※ 할인 및 무료대상자는 신분증 등 증명자료 필수(미지참시 정상입장료 발생)",,,출입구까지 턱이 없어 휠체어 접근 가능함,주출입구는 턱이 없어 휠체어 접근 가능함,,사계절전시온실 / 한국전통정원 / 어린이정원 등,장애인 주차장 있음_무장애 편의시설,,대여가능,,,수유실 있음,대여가능,,점자안내판 있음,음성안내 버튼(점자안내판),"의자식 테이블 있음(식음업장), 의무실",,,,,,,,,,,,,,,
29,베어트리파크,"세종특별자치시에 위치한 베어트리파크는 2009년 5월 개장하였다. 이재연 설립자가 50여 년간 가꾸어온 식물과 동물들이 자라 숲과 군락을 이루어 현재의 베어트리파크가 되었다. 베어트리파크 33만여㎡(10만 평)의 대지에 1,000여 종 40여만 점에 이르는 꽃과 나무, 비단잉어와 반달곰, 꽃사슴 등이 어우러진 곳이다. 백여 마리의 비단잉어가 서식하는 오색연못을 시작으로 수백 마리의 반달곰과 불곰이 재롱을 부리는 모습을 직접 볼 수 있다. 베어트리파크를 한눈에 볼 수 있는 전망대를 시작으로 사시사철 꽃을 피우는 베어트리정원, 아기반달곰과 사슴, 공작새, 원앙 등을 관람할 수 있는 애완동물원 등이 조성되어 있다. 희귀한 소나무를 수집해 조성한 송백원, 고사목과 향나무가 조화를 이룬 하계정원, 수천 송이의 장미를 감상할 수 있는 장미원, 국내 야생화를 모아둔 산책로인 야생화 동산, 다양한 종류의 분재를 만나 볼 수 있는 분재원, 국내에서 보기 힘든 열대 식물을 한자리에 모아 놓은 열대온실원, 선인장과 과목, 나무화석 등 다양한 볼거리가 가득한 만경비원, 수령 100년 이상 된 향나무 사이로 산책로를 조성한 향나무동산, 800년 된 느티나무가 있는 우리나라 지도 모양으로 만든 유럽식 정원 송파원 등이 있다. 여러 개의 야외 연못에 분산되어 있던 1,000여 마리의 비단잉어가 따듯한 겨울을 날 수 있도록 한 곳에 모여 더욱 장관을 이룬다. 먹이를 뿌리면 와르르 모여드는 비단잉어 떼를 만나볼 수 있다.",,http://www.beartreepark.com/,세종특별자치시 전동면 신송로 217,"[3월~11월]
- 월요일~목요일 09:00~19:00 (입장마감 18:00)
- 금요일~일요일 09:00~20:00 (입장마감 19:00)
[12월~2월]
- 월요일~목요일 10:00~19:00 (입장마감 18:00)
- 금요일~일요일 10:00~20:00 (입장마감 19:00)
※ 눈 또는 비가 오는 악천후기 조기폐장",연중무휴,,장애인 화장실 있음,"귀여운 곰들 뿐만 아니라 토끼,꽃사슴,공작새도 있어요~ 아이들이 정말 좋아해요 조경도 너무 잘되어 있어서 사진 찍어도 예뻐요~ 점심도 안에서 해결 가능해서 하루 종일 놀고 왔어요! 장미 꽃들이 예쁘게 핀 공간들과 곰이 있는 자연을 느낄 수 있었습니다 기분전환하기 너무 좋은 곳이네요 정성을 느낄수 있는 공간들이었습니다 날씨가 좋아지면 또 가고싶네요 긔여운 곰과 사진스팟이 많은 곳! 식물과 함께하는 힐링시간을 가지세요! 수많은 곰들과 희귀한 나무들과 화려한 꽃들이 너무 아름다워서 오래 기억에 남을 여행장소입니다. 어린이날 사월이랑 봄이 백일잔치 잘봤습니다. 생각보다 넓은것 같아 힘들었습니다 가족이 즐기면서 쉬어가기에 좋은 장소입니다. 다만, 더워지기 시작하면 걷기에 힘이 듭니다. 오르막과 산책로의 그늘이 없어 더욱 힘들게 합니다. 동물원과는 다른..곰을 정말 가까이에서 볼 수 있는 곳입니다. 넓은 잔디밭도 있어서 아이들이 뛰어놀기 좋아요. 가족과 함께 좋은 추억 쌓고 왔습니다.",가능,"[개인]
- 성인 13,000원
- 청소년(중·고등) 11,000원
- 어린이(만 3세~초등) 9,000원
- 만 70세 이상/장애인/국가유공자 11,000원
[단체(20인 이상)]
- 성인 11,000원
- 청소년(중·고등) 9,000원
- 어린이(만 3세~초등) 8,000원
※ 무료 : 36개월 미만(의료보험증 제시 / 가족동반 시 한함)",,,출입구까지 턱이 없어 휠체어 접근 가능함,,,레스토랑 / 카페 / 기념품샵 등,"장애인 주차장 있음(3주차장,10대)_무장애 편의시설",,대여가능(무료),,,,,,,,,,,,,,,,,,,,,,,먹이주기 체험
30,풍성채캠핑장,"숲속에 위치한 캠핑장으로 사이트는 잔디밭으로 되어 있다. 사이트별로 계단을 올라야하는 곳도 있지만 비교적 넓고, 사이트 구획이 명확하지 않아 텐트 설치 전에 확인이 필요하다. 아이들을 위한 모래놀이터가 있다.",,,세종특별자치시 전동면 송성길 116,14:00~익일 11:00,,"50,000원~200,000원
※ 이용요금은 변동될 수 있으므로 홈페이지 참조 또는 전화 문의 요망",,"별도로 마련된 사이트는 정말 편했습니다. 언덕위에 있어서 비오거나 눈올때 오고가는일에 불편함이 있어 아쉽긴 합니다만 한국에 무더운 여름에 화장실 관리가 이렇게 깨끗하고 쾌적할줄이야 ㅠ 시설은 오래됐지만 에어컨도 틀어두시고 정말 맘에듭니다.산과어우러지는 캠핑, 다양한 사이트구비, 좋은경치 넓은 공간 캠핑장에서 갖추어여 할 모든 것을 갖춘 곳이예요!!",가능,,,,,,,,,,,,,,,,,,,"전기, 장작판매, 온수, 물놀이장, 산책로",,,,,,,,,,,,,,
31,쌍류포도정원협동조합,"쌍류포도정원협동조합은 세종특별자치시의 마을기업으로, 세종 연서면 쌍류리의 포도나무정원 농촌체험장과 과수농가들이 주축이 되어 조합을 결성하였다. 계절별 농산물과 자연환경을 테마로 다양한 농촌체험 프로그램을 운영하고 있고, 고령화된 마을주민의 일자리와 소득창출을 위해 노력하는 마을공동체이다. 다양한 농촌 체험을 할 수 있고, 가족 단위의 팜파티나 발표회, 연주회 같은 각종 행사를 즐길 수 있다.",,,세종특별자치시 연서면 쌍류송암길 76-36,"10:00~17:00 (준비시간 12:00~14:00)
※ 방문 전 예약 필수",매주 일요일 / 설·추석 연휴,,,계절별 다양한 체험도 가능하고 캠핑온 느낌이라 아이들이 좋아하는곳이에요 포도 엄청 좋아하는데 머루포도나무 체험 대채롭고 요즘 원하는 스타일이네요. 포도를 좋아하는 우리 가족에게는 찰떡이겠네요~ 방문해볼께요~ 어른 셋이 가기도 괜찮을지 모르겠군요 꼭 방문하고 싶네요 아이들과 같이 가볼래요~ 가고 싶습니다 위드 코로나 시작하면 go,가능,,,,,,,,,,,※ 프로그램 별로 이용 요금이 상이하므로 자세한 사항은 홈페이지 참고,,,,,,,,,,,,,,,,,,,,,,"전통두부 만들기, 농장투어, 포도따기 등
※ 계절별로 운영하는 프로그램 및 요금 상이 (자세한 사항은 홈페이지 참고)"
32,세종전통장류박물관,"지난 2013년 처음 문을 연 세종전통장류박물관은 우리나라 장류 문화를 한자리에서 살펴볼 수 있는 세종시 1호 전문박물관이다. 전시실은 장의 역사와 한국의 발효 음식, 장의 재료가 되는 다양한 콩 종자와 과학적인 저장 용기 등 풍성한 볼거리로 채워져 있다. 야외에는 각 지역의 기후와 문화에 따라 다른 모양을 지닌 장독을 함께 전시해 관람객들의 호기심을 자극한다. 메주 모양의 천연 곡물비누 만들기나 우리 민족이 즐겨 먹었던 전통 장류의 하나인 집장(즙장) 만들기 등 체험프로그램도 운영한다. 본격적으로 장을 담는 시기인 11월 이후에 방문하면 전통 방식으로 된장과 고추장을 만드는 모습도 관람할 수 있다.",,,세종특별자치시 전동면 배일길 90-43,10:30~16:30,매주 화요일,무료,, 세종은 제 고향이기도 해서 늘 그립고 정겨운 곳이지요 세종전통장류박물관 방문 하고 싶어요,가능,,,,,,,,,,,,,,,,,,,,무료,,,,,,,,,,,,,메주비누 만들기 / 집장(즙장) 만들기 등
33,세종예술의전당,"세종예술의전당은 나성동에 지상5층 지하1층 규모로 지어졌으며, 대극장과 첨단 사양의 무대, 음향, 조명시설을 갖춘 세종특별자치시 유일의 전문 공연장이다. 오케스트라 연습실과 일반 연습실을 포함하여 분장실 17개를 구비하고 있으며, 최신의 무대 매커니즘을 구현하고 가변형 음향보조 장치를 활용해 무대 위 예술가들뿐 아니라 관람객에게도 전에 없는 특별한 즐거움을 더해준다. 작은 규모의 오페라, 발레를 비롯해 연극과 뮤지컬, 창작 음악극에 이르기까지 모든 장르의 공연 예술을 구현하는 최고의 공간이다. 인근에 금강과 물빛찬수변공원, 나성동독락정역사공원과 세종공원이 있다.",,https://www.sjac.or.kr,세종특별자치시 국립박물관로 21 세종 예술의 전당,09:00~18:00,매주 일요일 / 법정공휴일,※ 공연별 상이하므로 자세한 사항은 홈페이지 참조,장애인 화장실 있음 (층 별로 2개씩),대극장 음향이 좋고! 주차가 편리합니다! 기획공연들도 좋아요! 홀이 아주크진 않지만 많은 작품들이 공연되고 있어요. 좋은 작품들이 많아 보는 재미가 쏠쏠 합니다,가능,,,,,,,,장애인 주차장 있음 (6면 이상 접근 용이),,,,엘리베이터 있음,수유실 있음(2층),,,"촉지도식 점자 안내판 , 점자 홍보물 있음",,,,,안내 요원 있음,장애인 이용 가능 매표소 있음 (상판 높이 90cm 이하 / 깊이 45cm 이상),큰활자 홍보물 있음,,,,,,,,,"가족 화장실, 유아 놀이방 있음",
34,세종스테이블,"세종 스테이블은 전 국가대표 선수가 운영 중인 세종시 대표 승마장이다. 세종 청사에서 20분, 청주에서 40분 비교적 가까운 거리지만 장군면 외곽에 있어 차가 있어야 갈 수 있다. 올라가는 길이 좁고 경사가 있지만 길 끝에 도착하면 넓은 주차장과 세종스테이블 메인건물과 마구간, 실내승마장, 실외승마장 등을 볼 수 있다.
이곳에는 대회에 출전하는 전문선수들도 있으며, 승마기술을 훈련하기 위해 이곳을 찾는 코치진과 전문선수들 10여 명은 매달 열리는 승마대회에 참여해 다수 입상하고 있다. 최근에는 기승을 대기하는 일반회원과 체험을 위해 방문하는 학생과 학부모의 수도 늘고 있어서 승마체험 가능 인원을 점차 늘릴 계획이라고 한다.
일반회원의 승마체험은 개인레저보험 가입이 필수이며, 개인레슨과 그룹레슨으로 나뉘어 진행된다. 전화 및 카카오톡 채널을 등록 후 사전예약을 통해서만 프로그램을 이용할 수 있다. 또한 세종시 교육청의 지원을 받아 청소년 체력증진 및 정서안정을 도모하기 위한 학생 체험프로그램도 진행하고 있다.",,https://blog.naver.com/sejongstable2020,세종특별자치시 평기큰골길 46-65,"(화~금)09:00~18:00
(토~일)09:00~17:00, 12:00~14:00 휴게시간",월요일/명절,"[기승비-레슨포함]
개인레슨 1회 121,000원/10회 990,000원
그룹레슨 10회 880,000원
[웜블러드] 143,000원(레슨비 별도)
[자마위탁] 1,540,000원",있음,초등학생이 알기쉽게 차근차근 교육해 주세요 단계별로 말과 친해지는 과정부터 아이가 거부감갖지 않게 알려주셔서 아이가 정말 좋아했어요 말이 깨끗하게 관리되어 있는것 같아요 새로 건물짓고 있어서 앞으로는 환경이 더 좋아질 것 같아요.시설깔끔하고 친절하시구 너무좋았어요. 처음 접한 말타기 초보자에 맞는 맞춤교육 너무 즐겁고 색다른 경험,가능,,"9세 이상(8세 미만, 60세이상은 별도 상담후 이용)",,,,,,,"실내승마장, 실외 승마장",,,,,,,,,,"탈의실, 화장실, 클럽하우스",,,,,"안전조끼, 안전헬멧, 챕",,,,,,,,,
35,천주교부강성당,"부강성당은 천주교 청주교구에 속한 가톨릭 성당이다. 현재의 성당 건물은 1962년에 완공하였으며, 이전에 성당으로 사용했던 한옥도 그대로 남아있어, 전통적 양식의 한옥 성당과 석조 로마네스크풍으로 지어진 북미식 교회 건축양식으로 지어진 현재의 성당이 공존하고 있어 건축사적으로 특별한 의미를 지닌다. 부강성당은 선교활동과 다양한 구제사업으로 지역사회의 발전에 기여했던 역사를 담고 있기에 건축사적인 측면과 함께 종교적인 의미에서도 보존 가치가 높다.
성당의 반원 아치 입구 위에는 [천주교회 성모 성명 성당]이라 새겨진 석판이 붙어 있다. 성모 탄생 축일 후4일째 되는 날을 성모 성명 축일로 지냈지만 제2차 바티칸 공의회의 전례 개혁에 따라 교회력에서 삭제되었는데, 9월 8일 성모 성탄 축일과 중복되기 때문이다.
성당의 외형에서 또 하나 눈에 띄는 것은 긴 종탑이 성당 중앙 상단이 아닌 입구 오른쪽에 자리한 것이다. 
종은 과거 성당에서 구호품을 나눠줄 때 쳤는데 지금으로 치면 사회복지 활동인 셈이다. 사제들은 미군 부대 등에서 목재 등을 실어와 인근 지역에 극빈자를 위한 주택 20 가구를 건립하며 빈민 구호에 힘썼다. 구호품을 나눠주는 종소리는 더는 들을 수 없지만, 지금도 미사 전 30분과 미사 전 5분에 종을 쳐 미사 시간을 알리고 있다. 
부강성당은 도시 성당의 웅장함과 성스러움에 익숙하기에 시골 성당의 소박하고 정갈한 느낌이 더 특별하게 느껴진다. 경내 안에는 둘레 2~3ｍ, 성당 높이만 한 느티나무가 있는데, 성당을 봉헌하며 심은 작은 나무가 어느새 성당 높이만큼 자랐다. 주말이면 성당 어르신들이 나무 밑에 놓인 자연석을 의자 삼아 담소 나누고 아이들은 굵직한 가지 위에 줄을 매어놓은 그네를 타기도 한다.",,https://www.cdcj.or.kr,세종특별자치시 부강4길 33,9:00~21:00,연중무휴,,,고즈넉하고 운치있는 성당,"가능
요금(무료)",,,,,,,성당 및 구한옥성당,,,,,,,,,,,,,,,,,,,,,,,,,,
36,오가낭뜰근린공원,"세종시 아름동에 위치한 오가낭뜰 근린공원은 이곳의 옛 이름인 오가낭골에서 따온 것이라고 한다. 세종시에서는 세종대왕의 한글 사랑 정신을 이어받아 순우리말 마을 이름을 사용하고 있다. 주로 그 마을에 전해오는 옛 이름을 따서 순우리말을 마을과 공원 이름 등에 사용한다고 한다. 오가낭뜰 근린공원은 세종시 둘레길 중의 하나인 아름도담길의 마지막 북쪽 끝에 자리하고 있고, 나지막한 동산을 중심으로 이루어져 있다. 가장 큰 특징은 테마가 있다는 점이다. 주차장에서 아름도담길을 따라 올라가다 보면 느티마당, 소나무숲, 단풍나무숲, 초화원, 억새원 그리고 전통 정자를 볼 수 있다. 숲이 잘 우거진 야산에 숲길이 있으며 곳곳에는 쉼터가 마련되어 있다. 그리고 풋살 축구장, 농구장, 인라인스케이트장을 비롯하여 인공암벽 등반시설까지 다양한 스포츠를 즐길 수 있는 생활체육 시설이 있다.",,,세종특별자치시 바른3길 26-1 (아름동),상시 개방,연중무휴,,있음,자연경관도 좋고 아이들도 마음껏 뛰고 소리내어 즐길수있습니다 휴식과 가족 나들이에 좋은 장소인것 같아요 꼭 방문해 보세요 자연친화적인 공원에서 풀내음을 느낄수 있어 좋아요,가능,무료,,,,,,,,,,,,,,,,,,,,,,,,,,,,,,,,
37,농촌테마공원 도도리파크,"농촌테마공원 도도리파크는 세종특별자치시 조치원읍에 위치한 시설로 농촌자원의 가치와 중요성을 시민이 함께 인식하고 지속적으로 보전 및 홍보하기 위한 공간이다.
도도리는 조치원 대표 과일 복숭아 ‘도(桃)’와 배나무 ‘리(梨)’를 모아 만든 말로 공원이 위치한 조치원 신흥리 일원에 복숭아와 배 과수원이 많은 점을 고려해 이름 붙여졌다. 또한 어린이들을 위한 놀이타워, 집라인, 모래놀이터 등 실내·외 놀이시설이 조성돼 있다.",,공식 홈페이지 https://dodoripark.or.kr/,세종특별자치시 조치원읍 문예회관길 27,"[파머스마켓]
- 10:00~19:00
[도토리카페]
- 하절기(3월~10월) 10:00~19:00
- 동절기(11월~2월) 09:00~17:00
[야외 BBQ장]
- 10:00~18:00
[피치트리타워]
- 10:00~19:00
- 정비시간 11:30~12:30 / 15:00~15:30",매주 월요일,,,"도도리파크는 세종시 아이들이 많이 알고 자주 방문하는 곳이에요. 무료로 이용할 수 있는데 아이들이 좋아해서 재방문이 많은 곳인 것 같아요. 단, 높이가 높은 오르막길이고 어른들은 아이들을 따라다닐 때 허리를 숙이기도 해야해서 불편하긴 하지만 우리집 아이는 주말마다 도도리파크 가고 싶다고 얘기한답니다 ~ ",가능,무료,,,,,,도도리 농촌체험관 / 피치트리타워 / 상상 빌리지 / 도도리 어드벤처 등,,,,,,,,,,,,,,,,,,,,,,,,,,요리교실 / 나무공방 / 화분 만들기 등
38,블루문오토캠핑,"블루문 오토캠핑은 세종 연서면 와촌리에 자리 잡았다.
캠핑장에는 인조잔디와 파쇄석으로 이뤄진 오토캠핑 사이트 17면이 마련돼 있다. 사이트 크기는 가로 8m 세로 6m 등이다. 카라반과 트레일러 동반 입장이 가능하다. 대형과 소형으로 구분되는 카라반 12대도 있다. 내부에는 침대, TV, 테이블, 개수대, 취사도구, 조리도구, 화장실, 샤워실 등 일상생활이 가능할 정도의 시설이 완비돼 있다. 수영장, 에어바운스, 펜션, 카페, 자전거 대여소, 당일 피크닉 데크 등 부대시설도 알차다.",,,세종특별자치시 기와말1길 20 조치원청소년수련원,14:00~익일 11:00,,"50,000~200,000원
※ 이용요금은 변동될 수 있으니 홈페이지 참조 또는 전화문의 요망",있음,"세종 블루문 오토캠핑장은 가족 캠핑에 딱 맞는 곳입니다. 그늘이 많지 않아 여름엔 더울 수 있지만, 실내 수영장이 있어 아이들과 함께 즐기기 좋았습니다. 카라반 시설이 잘 갖춰져 있어 캠핑카 없이도 편리하게 이용 가능했으며, 다양한 부대시설로 아이들이 신나게 놀 수 있었습니다. 처음와봤는데 아이들이랑 함께 오면 좋을 것 같아요 고기맛도 좋고 나들이 오기 딱 좋아요 ",,,,,,,,,,"주요시설 : 자동차 야영장 17, 카라반12 안전시설 : 소화기 20, 화재감지기 12",,,,,,,,,,"트렘폴린, 물놀이장, 마트, 운동시설, 펜션, 카페, 자전거 대여, 에어바운스",,,,,,,,,,,,,,
39,"마을야영장, 침산추월","마을야영장, 침산추월은 세종 조치원읍 침산리에 자리 잡았다. 세종시청을 기점으로 20km가량 떨어졌다. 자동차를 타고 행복대로와 세종로를 번갈아 달리면 닿는다. 도착까지 걸리는 시간은 30분 안팎이다. 캠핑장에는 데크로 이뤄진 일반캠핑 사이트 8면이 마련돼 있다. 사이트 크기는 가로 4m 세로 4m 등이다. 사이트 간격이 넓어 프라이빗한 캠핑을 만끽할 수 있다. 카라반과 트레일러 동반 입장이 가능하다. 당일 피크닉 캠핑을 뜻하는 캠프닉도 운영 중이다. 오전 11시부터 오후 3시 30분, 오후 4시 30분부터 오후 9시까지 하루 두 차례다. 캠프닉 신청자에게는 타프, 사이드월, 캠핑테이블, 의자 2개를 대여해준다. 주변에는 조천연꽃공원이 있어 연계 여행에 나서기 좋다.
※ 반려동물 동반 불가",,https://www.instagram.com/chimsanchuwol_/?hl=ko,세종특별자치시 침산2길 8-6 침산커뮤니티센터,예약 시 문의,,"40,000원 *이용요금은 예약 시 문의",있음,"결론부터 말하자면 고기는 직접 사 가야 하고, 카페에서는 고기를 구울 수 없고, 뒤에 위치한 야영장에서만 고기를 구울 수 있다.캠핑체험 카페는 처음이라서 이것저것 구경하는  재미가 쏠쏠했다.",,,,,,,,,,"주요시설 : 일반야영장 8 안전시설 : 소화기 4, 방화사 1",,,,,,,,,,"놀이터, 운동장, 운동시설, 카페, 오락실",,,,,,,,,,,,,,
40,국립어린이박물관,"국립박물관단지 국립어린이박물관은 국내 최초 설립된 국립박물관단지의 5개 박물관 중 처음으로 개관하는 어린이 특화 체험공간이며, 다른 4개 박물관의 주제와 특색을 어린이의 눈높이에 맞춰 체험할 수 있도록 만들어진 어린이박물관이다.
국립어린이박물관에서는 아이들이 함께 살아갈 자연 및 지구환경과의 공존하는 법을 고민하며 배울 수 있고 우리들이 살아가는 도시와 관련한 여러가지 호기심과 우리 전통문화의 소중함을 흥미로운 전시를 통해 체험할 수 있다. 또한 국립어린이박물관에서는 놀이를 통해 학습 호기심을 자극시키고, 다양한 대상별, 주제별 교육콘텐츠 개발을 통해 창의력과 상상력을 자극시켜 아동과 가족의 삶에 즐거운 경험을 제공하는 특별한 학습 경험을 제공한다.",,"공식 홈페이지 https://child.nmcik.or.kr/
공식 네이버블로그 https://blog.naver.com/cm_nmcik
공식 인스타그램 https://www.instagram.com/nmcik_childrenmuseum/
공식 페이스북 https://www.facebook.com/cmnmcik//",세종특별자치시 어울누리로 130 (세종동),"[1회차]
10:00~13:00 (입장 마감 12:00)
[2회차]
14:00~17:00 (입장마감 16:00)
※ 사전 온라인 예약 필수 (잔여석에 한해 현장 발권)","매주 월요일 (단 ,월요일이 공휴일 혹은 대체공휴일인 경우 그 다음 첫 번째 평일) / 1월 1일 / 설·추석 전날 및 당일","[상설전시]
- 무료
[기획전시]
- 개인 2,000원
- 단체(인솔자 제외 20명 이상) 1,000원",,"국립어린이박물관은 아이들이 직접 만지고 체험할 수 있는 전시가 많아서 정말 즐거운 시간이었어요. 놀이처럼 배우는 공간이라 지루할 틈이 없고, 연령대별로 코너도 잘 나뉘어 있어 좋았어요. 아이들도 신나고 부모도 만족한 곳이에요. 어린 아이들부터 초등학생까지 즐기기 좋은 박물관이에요. 영아들도 놀이공간이 따로 준비되어 있어서 안전하게 충분히 놀 수 있어요. 규모가 꽤 커서 하루 정해진 시간에 모두 꼼꼼히 살펴보며 놀긴 어려워요. 재방문하고 싶은 박물관이지만 인기가 많은 만큼 예약도 힘들어요. 아이들과 다양한 체험도 하고 사진 찍기에도 좋았던 거 같아요 아이들과 전통문화 체험할수도 있고 국립이라 입장료 무료이고 좋아요 어린이 눈높이에 맞는곳이네요 세종시에는 국립수목원이 아이들데리고 가기 참 좋은 곳이라고 생각했는데 국립어린이박물관도 아이들의 체험학습에는 더 좋은 곳이네요 손자들과 사진찍고 놀기에는 수목원 못지않게 좋았어요 ^^ 저학년아이들 데리고갔는데 사진찍고 체험하기 좋은곳이었어요 무료개방이랑 재밌게놀다왔어요 세종시에 구경할만한 곳이 많지 않은데 아이랑 둘러보기 좋아요~ 체험하는 공간이 많아서 초딩취향 딱인곳이었어요!",가능 (158대),,,,,,,,,,,,,,,,,,,,"[소형]
- 기본 1시간 무료
- 매 30분 당 1,000원
[대형]
- 기본 1시간 무료
- 매 30분당 2,000원",,,,,,,,,,,,,
41,나무키움(전의양묘영농조합법인),"전의양묘영농조합법인은 세종시 전의면 조경수 재배 단지에 거주하면서 무궁화를 사랑하는 사람들로 구성된 영농조합이다. 협업적 양묘 사업을 통하여 지자체 및 국가산림조성에 참여하여 생산성, 소득증대를 꾀하고 있다. 특히 나라꽃 무궁화의 생산과 재배로 나라꽃 무궁화를 홍보하고 보급함을 목적으로 하며 무궁화와 재배 중인 다양한 인기 수종의 나무 심기 체험과 무궁화 관련 여러 가지(꽃잎 차, 꽃잎 양갱, 과일 청 등) 체험을 할 수 있는 공간을 제공하고 있다.",,,세종특별자치시 전의면 근성길 14,09:00~17:00,,,,"나무만 심어볼 수 있는 것은 아닙니다. 꽃을 피워내는 식물, 가꾸기 편리한 식물 등 다양한 식물을 심어보고, 눈으로 직접 보며 체험해 볼 수 있습니다. 세종나무키움 관광체험에서는 건강한 식물들을 보며 식물들의 소중한 친구가 되어주실 수 있습니다.",가능 (약 20대),무료,,,출입구까지 턱이 없어 휠체어 접근 가능함,주출입구는 턱이 없어 휠체어 접근 가능함_무장애 편의시설,,"각종 관상수, 화훼 관람가능",,,,,,,,,,,,,,안내요원 있음_시각장애인 편의시설,,,,동반가능,,,,,,,,나무(꽃) 심기 / 무궁화 꽃잎 차 / 무궁화 꽃잎 양갱 / 과일청 만들기 등
42,고운뜰공원,"세종특별자치시의 대표적인 휴식공간인 고운뜰공원은 숲에 둘러싸여 자연을 만끽하며 산책을 할 수 있다. 야외활동을 즐기며 잠시 몸과 마음을 재충전할 수 있도록 곳곳에 벤치와 커다란 그늘막도 조성되어 있다. 또한 야외무대, 잔디광장 등 다양한 시설이 설치되어 있으며, 고운뜰 전망대에서는 세종 시가지를 조망할 수 있다. 맑은 날에는 충남 공주 계룡산을 볼 수 있고 해 질 무렵에는 전망대의 경관 조명과 노을이 멋진 풍경을 연출한다.",,,세종특별자치시 만남로 151 (고운동),상시 개방,연중무휴,,장애인 화장실 있음 (주차장 앞에 2개),이곳은 세종 도심 속에서 자연의 아름다움을 온전히 느낄 수 있는 숨은 명소로 한번 다녀온 사람들은 다시 찾는다고 할 정도로 매력적인 공간 입니다. 특히 일출과 일몰 시간대에는 고운동과 아름동 일대의 풍경이 자연과 어우러지는 멋진 뷰로 예쁜 풍경을 선사하는 곳 이기도 합니다.,"가능
요금 (무료)",무료,,,경사로가 가파른 편으로 휠체어와 유모차 접근은 다소 어려울 수 있으나 고운뜰전망대 방향쪽으로는 차량으로 접근 할 수 있어 휠체어도 함께 올라 전망 관람 가능,,,고운뜰전망대 / 놀자 UFO / 게이트볼장 등,,,,,,수유실 있음,,,,,,,,,,,,,,,,,,,,
43,세종어린이천문대(세종미리내천문대),세종 어린이천문대는 세종시 전의면 다방리에 자리 잡고 있다. 인류가 탐사선을 보냈고 직접 우주로 나가 탐험하는 우주를 통해 꿈을 키우는 곳이다. 또한 우주를 통해 과학을 배우는 곳이며 인류가 상상의 나래를 펼친 우주를 통해 생각하는 힘을 기르는 곳이다. 세종시 전역에서 20~25분 거리에 자리하며 은하수와 어두운 밤하늘 천체를 볼 수 있는 좋은 관측 환경을 갖추었다. 자라나는 아이들에게 별과 우주에 대한 관심과 호기심을 채워줄 수 있다.,,http://www.astrocamp.net/,세종특별자치시 장군면 금송로 293,14:30~23:00 (휴게시간 17:00~18:40),매주 일요일 / 월요일,,,오랜만에 학구열 불타오르고 웹으로나마 우주여행하고 나니 행동의 범위가 넓어진 만큼 마음도 커진 것 같다. 별빛 가득 담은 반짝반짝 빛나는 마음으로 마인드 세샇고 일상을 지내려 한다.,"가능
요금 (무료)",,,,,,,,,,,프로그램별 상이하므로 홈페이지 참고,,,,,,,,,,,,,,,,,,,,,,일일별자리체험 / 일일천문교실 / 아빠와 함께하는 천체여행 등
44,숲뜰근린공원,"숲뜰근린공원은 세종시 대평동에 위치하고 있다. 가을철 형형색색의 코스모스가 아름답기로 유명하여 많은 이들이 방문한다. 또한 공원에는 산책로를 비롯해 피크닉존, 바비큐존, 축구장 등이 갖춰져 있다. 피크닉존과 바비큐존, 축구장은 사전 예약 후에 이용이 가능하다. 바비큐존 이용 시 쓰레기는 반드시 되가져가야 하며, 장작 사용이 금지되어 있고 숯을 이용해야 한다. 개수대와 화장실도 이용할 수 있어 더욱더 편리하다. 피크닉존은 취사가 불가하다.",,https://www.maketicket.co.kr/,세종특별자치시 대평동 580-3,"[공원] 상시개방
[피크닉존/바비큐존] 11:00~20:00 (미운영 15:00~16:00)",연중무휴,,장애인 화장실 있음,숲뜰 근린공원 바베큐 지역이 있어요 미리 예약해야 하지만 숯불피워 맛난고기 먹을수 있고 아이들과 재미난 시간 보낼수 있답니다,가능,"- 축구장 5,000원
- 바비큐존 2,000원
- 피크닉존 1,000원",,,출입구까지 턱이 없어 휠체어 접근 가능함,주출입구는 턱이 없어 휠체어 접근 가능함,,"피크닉존, 바비큐존, 축구장 등",장애인 주차장 있음_무장애 편의시설,,,,,,,,,,,,,,,,,동반가능,점자블록 있음(주요시설 앞)_시각장애인 편의시설,,,,,,,
45,무궁화테마공원,"세종시에는 다양한 공원이 조성되어 있는데, 그 중 무궁화테마공원은 우리나라를 상징하는 꽃인 무궁화를 주제로 한 공원이다. 무궁화는 전국에 약 300여 종 이상이 있다고 알려져 있으며, 무궁화 품종원에는 300여 종이 식재되어 있다. 공원 내에는 품종별로 꽃의 사진과 이름이 나와있는 안내판이 있으며, 무궁화가 식재된 정원에는 품종을 알 수 있도록 따로 표시판을 두었다. 또 갖가지 수목이 식재된 조형미로원, 세계 각국의 나라꽃이 있는 세계 국화원, 유아숲 체험원과 숲 속 휴게 공간인 무궁화 휴게 정원 등이 갖추어져 있다. 무궁화 외에도 다양한 꽃들이 피어있어 산책하기에도 아주 좋다.",,,세종특별자치시 세종동,상시 개방,연중무휴,,장애인 화장실 있음,원수산에 올라가기위해 다녀왔어요. 주차장도 잘되어있고 무궁화 철이되면 너무 예쁜 무궁화가 한가득이네요,가능,무료,,,출입구까지 턱이 없어 휠체어 접근 가능함,주출입구는 턱이 없어 휠체어 접근 가능함,,,장애인 주차장 있음_무장애 편의시설,,,,,,,,,,,,,,,,,동반가능_시각장애인 편의시설,,,,,,,,
46,레이캐슬CC,"레이캐슬 CC는 세종시 전의면 달전리에 위치하고 있다.
이곳은 대중제 골프장으로 27홀로 이루어져 있다. 세종, 레이, 캐슬 세 코스가 준비되어 있다. 18홀 기준 전장의 길이는 7,760yd이며 부대시설로는 클럽하우스, 레스토랑 등이 있다. 유럽풍의 듀라 벙커는 높은 난도로 플레이어의 승부욕을 자극한다.",,https://www.sjraycastle.com/,세종특별자치시 전의면 의당전의로 252,05:00~22:00,홈페이지 별도 공지,"[18홀 기준]
- 캐디피 :(18홀)150,000원
- 카트피 :(18홀)100,000원
※ 자세한 사항은 홈페이지 참조",가능,"과도한 프리미엄 없이 이용 중심으로 가성비 좋은 콘도형 회원권으로 평가됨.  분양가 대비 실용적인 서비스를 제공합니다. 이용 중심의 합리적 선택이라면 R150, 예약 혜택과 숙박을 중시한다면 R250, 최다 예약과 최고 할인, 리조트 이용을 원하시면 R500이 적절한 선택입니다.",가능,,,,,,,,,,,,,,,,,,,,,,,,"안전시설 설비사항 : 안전요원 있음, 상비약·의무대 있음, 소방시설 있음",,,,,,,,,
47,원수산MTB공원,"원수산MTB공원은 세종시 연기면 세종리에 위치해 있다. 공원에서 원수산이 시원하게 보인다. 공원에는 관리사무소를 비롯해 자전거 정비소, 쉼터, 등산로, MTB 코스, BMX 경기장 등이 갖춰져 있다. BMX 경기장은 유소년 선수육성을 위해 세종시에서 부지를 제공하고 문화체육관광부와 국민체육진흥공단의 재정후원으로 대한자전거연맹에서 설시한 BMX 전용 경기장이다. 자전거 라이딩을 위한 MTB 코스는 부드럽고 낮은 경사도로 이루어진 기초적인 원수산 A코스, 천연지형을 활용한 내리막코스인 원수산 A다운힐 코스, 편차가 큰 경사도와 거친 지형으로 이루어진 원수산 B코스가 있다. 이외에도 등산객을 위한 등산 코스는 안내판이 잘 설치되어 있어 쉽게 찾아갈 수 있다.",,,세종특별자치시 세종동 산388,"- 하절기 09:00~17:00
- 동절기 09:00~16:00",연중무휴,,있음,동네에 있는 251미터 낮은 산이라 자주 들르는 곳입니다. 짧은 등산으로 등산의 맛을 제대로 느낄 수 있습니다. 정상에 오르면 세종시 전경을 바라볼 수 있네요. 가볍게 가기 좋고 뷰도 산책하기도 좋아요.,가능,,,,,,,,,,,,,,,,,,,,,,,,,,,,,,,,,
48,바람재쉼터,"바람재쉼터는 세종시 금남면 영대리에 위치하고 있으며 비학산~금병산 누리길 1코스와 2코스를 걷다보면 마주할 수 있다. 누리길은 온가족이 산책할 수 있는 트레킹 코스로, 숲이 우거져 있어 여름에도 나무그늘 사이로 시워하고 편하게 등산을 즐길 수 있다. 또한 자전거 라이더들이 잠시 들러 쉬어가는 곳으로도 유명하다. 쉼터에는 포토존을 비롯해 정자, 쉼터, 운동기구, 산책로 등이 갖춰져 있다. 주변에는 금강수변공원캠핑장과 남세종 IC가 있다.",,,세종특별자치시 금남면 영대리 산83-31,상시 개방,연중무휴,,,가까운곳인데 멀리 놀러온 기분 여유롭고 고기도 너무 맛있고 시원하고 제일 좋았던건 너무 친절해서 너무 좋아용,가능,무료,,,,,,,,,,,,,,,,,,,,,,,,,,,,,,,,
49,원수산습지생태원,"세종특별자치시 연기면 세종리에 위치한 원수산습지생태원은 도심 속 자연을 만끽할 수 있는 생태 체험 공간이다. 이곳은 원수산의 자연환경을 보전하며, 다양한 생물과 식물들이 서식하는 습지 생태계를 관찰할 수 있는 장소로 조성되었다. 습지생태원은 원수산 둘레길과 연계되어 있어, 방문객들은 자연 속에서 산책과 생태 체험을 동시에 즐길 수 있다. 또한, 자연과의 교감을 통해 환경 교육의 장으로 활용되고 있다. 특히, 습지생태원은 어린이와 가족 단위 방문객들에게 자연의 소중함을 느낄 수 있는 장소로 인기가 높다. 둘레길은 경사가 완만하여 어린이와 노약자도 안전하게 이용할 수 있으며, 데크길과 쉼터가 마련되어 있어 편안한 휴식을 취할 수 있다",,,세종특별자치시 연기면 세종리 734-4,상시 개방,연중무휴,,,원수산 등산로도 잘 되어있고 높지 않아서 가볍게 다녀오기 좋아요. 아이와 놀러가기 좋아요.시원하게 바람 맞으며 예쁜 눈사람도 구경하고 행복한 산행이었답니다.,가능,무료,,,,,,,,,,,,,,,,,,,,,,,,,,,,,,,,
50,세종필드 골프클럽,"세종필드 골프클럽은 건설보증기관인 건설공제조합에서 조성한 도시형 골프장이다. 자연과 친환경을 먼저 생각하며, 도심 속 일상에서 여유를 즐길 수 있도록 설계되었다. 코스는 양 날개 형상의 지형적 특성을 가진 세종코스와 행복코스로 이루어져 있다. 각 홀 곳곳에서 세종시 정부청사 및 도심 경관을 조망할 수 있으며, 자연 지형, 수목, 바위 등 산악지형의 모습 그대로를 살려 도심에서 자연을 느낄 수 있다.",,http://www.sejongcc.com/,세종특별자치시 정안세종로 1569 (산울동),,연중무휴,"그린피 170,000원~210,000원
카트료 90,000원~180,000원
캐디비 150,000원
※ 그린피는 매월 변동하므로 자세한 사항은 홈페이지 참조",있음,로비공간이 넓고 높은 층고로 답답함이 없어요. 고급스러운 분위기보다는 깔끔ㆍ쾌적합니다세종 지역주민 10% 할인도 있어요. 페어웨이 관리도 양호 ㆍ 잘 되어 있어요​. 신도시에 지어진 골프장이라 자연경관이라기보다는 도시경관 같아요. 그렇다고  조경이나 풍경이 나쁜 건 아니구요.,"가능 (소형 255대, 대형 2대, 장애인 9대)",,,,,,,,,"클럽하우스, 프로샵 , 안전보험가입, 상비약 보유, 심장제세동기 보유",,,,,,,,,,"골프연습장 58타석, 락커룸, 사우나",,,,,코스관리 관련 장비,,,"세종코스, 행복코스로 이루어진 정규 18홀 골프장",,,,,,
51,소피아갤러리,"세종과 대전, 공주를 아우르는 지리적 특성과 함께 자연의 한복판에 자리 잡은 소피아갤러리는 문화 예술을 통해 삶을 보다 풍요롭게 하며, 여유와 기쁨을 주고자 한다. 자연과 더불어 예술을 향유하며, 정신적 가치를 추구하는 고품격 복합문화공간으로 자리매김하고 있다. 형식에 얽매이지 않는 다양한 예술 작품과 작가들을 소개하고 전시할 뿐만 아니라 음악과 시 등을 통해 문화가 일상의 삶이 되도록 노력하고 있다. 소피아갤러리는 전시실, 카페, 레스토랑을 함께 운영하고 있다. 전시실은 총 2개로 구성되어 있으며, 갤러리에서는 자연 속에서 미술작품을 자유롭게 관람할 수 있다. 카페와 레스토랑에서는 식사와 차를 통해 여유, 휴식, 그리고 편안함을 누릴 수 있다.",,http://www.sophiagallery.com/,세종특별자치시 금남면 도남2길 50-5,11:00~19:00,매주 일요일,무료,,금강수목원에서 가까운 갤러리카페입니다.간단한 식사도 즐길 수 있는데 음식이 꽤 맛있습니다.닭고기덮밥은 아주 건강한 맛이네요.식후엔 오늘의 티를 2000원의 저렴한 가격에 즐길 수 있습니다.무료로 갤러리도 운영하고 있어 그림도 감상할 수 있고 주차도 편리한 편입니다.,가능,,,,,,,,,,,,,,,,,,,,무료,,,,,,,,,,,,,
52,비오케이아트센터,"비오케이아트센터는 세종시 반곡동에 위치하고 있는 복합문화공간이다. ‘보다 행복한 삶의 공간을 만들자’는 경영 이념을 담아 2019년 개관하였다. 센터에는 각종 공연이 열리는 공연장, 여러 전시가 이루어지는 갤러리, 전통과 현대, 예술성과 실용성 등을 고려한 문화예술 강좌를 수강할 수 있는 아카데미가 있다. 또한 책을 권하는 서점이자 다양한 문화를 체험하고 즐길 수 있는 꾸메문고, 디자인 문구부터 인형에 이르는 독특하고 재미있는 물품들을 구매할 수 있는 꾸메샵, 카페 등 다양한 시설을 갖추고 있어 시민들의 문화 향유 기회를 제공하고 있다.",,"공식 홈페이지 http://www.bokartcenter.co.kr/
공식 인스타그램 https://www.instagram.com/bokartcenter",세종특별자치시 국책연구원3로 12 (반곡동),"- 갤러리 10:00~19:00
- 공연장 09:00~18:00","- 갤러리 : 매주 월요일
- 공연장 : 매주 토요일~일요일","무료
※ 관람료의 경우, 공연과 전시에 따라 상이함",,"꾸메문고 리뷰쓰려했는데 여기로 연동되네요. 세종에 이런 문화공간이 있다는 것에 너무너무 감명(?)받았어요. 아이들, 군인, 공무원분들 등 많은 혜택을 주는 곳이라는 점에 한번 더 감동. 샵 안의 모든 인테리어들이 왜이리 감각적인지.. 진짜 최고👍👍👍장소의 취지나, 사장님의 미적센스에 감동하고 가는 1인입니다.",가능,,,,출입구까지 턱이 없어 휠체어 접근 가능함,주출입구는 턱이 없어 휠체어 접근 가능함,,,장애인 주차장 있음_무장애 편의시설,,,,엘리베이터 있음,수유실 있음,,,,,,,무료,,,,,,점자블록 있음(주요시설 앞)_시각장애인 편의시설,,,,,,,
53,금강자연휴양림캠핑장,"금강 자연휴양림 야영장은 세종특별자치시 금남면 금강 자연휴양림 내에 자리했다. 사이트는 잔디 사이트 12면, 나무 데크 8면으로 이뤄졌다. 그 위쪽엔 목재로 만든 캐러밴 5동이 위치해 있다. 각 사이트에서 전기 사용이 가능하며, 공용 시설로는 남녀 화장실 각 1개소, 남녀 샤워실 각 1개소, 개수대 2개소, 대형 공용주차장이 있다. 야영장은 휴양림과 산책로로 연결되어 있어 산림 박물관, 열대온실, 동물마을 및 휴양림과 수목원 전체를 돌아볼 수 있으며, 야영장 예약 시 입장료와 주차료를 별도로 지불해야 한다.
인근에 공주 공산성, 국립 공주 박물관, 공주 민속극 박물관, 동학사(東鶴寺) 등 유명 관광지가 즐비해 연계 관광이 용이하다. 야영장이나 휴양림 내에는 매점이 없으므로 필요한 물품은 미리 준비해야 한다. 공주 시내로 가는 금강변에 다양한 식당이 있다.",,https://www.foresttrip.go.kr/,세종특별자치시 금남면 산림박물관길 110,15:00~익일11:00,,"45,000원~240,000원
※ 이용요금은 변동될 수 있으므로 홈페이지 참조 또는 전화 문의 요망",가능,"금강자연휴양림을 이용하는 사람들에게는 금강수목원을 무료로 입장할 수 있고, 무료로 주차할 수 있어요. 야영데크 주변이 평질 되어있고 계단이 없어서 짐 나르기가 아주 편해요. 짐 나르는 수고로움이 적어요. 주차장이 넓어요. 장작은 안되고 참숯ㄷ은 사용 가능합니다.",주차가능,,,,,,,,,,,,,,,,,,,"온수, 놀이터, 산책로, 운동시설, 마트.편의점
소화기:20, 화재감지기:5",,,,,,,,,,,,,,
54,아람달 체험마을,"아람달 체험마을은 세종특별자치시 전동면에 위치한 마을이다. 이곳은 활력 넘치고 살맛 나는 농촌으로 발돋움하기 위해 여섯 개 마을이 의기 투합한 농촌마을 종합개발사업으로 시작되었다. 아람달은 정겨운 농촌 분위기 속에서 현대적인 펜션형 숙박, 세미나실, 풋살 경기장 등 이용자를 배려한 다양한 편의 시설을 완비하고 있다. 또한 자라나는 청소년에게는 도시에서 할 수 없는 색다른 체험을, 어른들에게는 그 시절 농촌 문화의 아련한 추억을 떠올릴 수 있도록 각종 민속체험, 농촌체험, 로컬푸드 등을 제공한다.",,http://aramdal.kr/main/main.php,세종특별자치시 전동면 운주산로 606,숙박시설 12:00~익일11:00,연중무휴,,,"아람이란 탐스러운 가을 햇살을 받아 저절로 충분히 익어 벌어진 과실을 의미하며 달은 땅과 대지, 벌판을 의미한다고 합니다. 이렇게 아람달은 동림권역의 특산물인 복숭아와 배, 포도 등이 탐스럽게 열리는 땅을 의미한다고 하는데요. 그래서인지 이 곳의 특산물을 담아 만든다양한 상품들도 볼 수 있었습니다.","가능
요금 (무료)",,,,,,,"숙박시설, 식당, 아람달 체험농장, 풋살장, 족구장, 세미나실 등",,,,※ 이용시설·기간별 시설이용료 상이하므로 홈페이지 참조 또는 전화 문의 요망,,,,,,,,,,,,,,,,,,,,,,"농촌체험 / 김장체험 / 짚풀공예 만들기 / 한과 만들기 / 비누 만들기 / 인절미 떡메 치기 등
※ 현지 상황에 따라 체험 프로그램 변동가능하므로 홈페이지 참조 또는 전화 문의 요망"
55,전의향교,"세종특별자치시 전의면 읍내리 있는 조선시대 관립 교육기관이다. 1416년 (태종 16)에 현유(賢儒)의 위패를 봉안·배향하고 지방민의 교육과 교화를 위하여 창건되었다.
그 뒤 임진왜란 중에 소실되었다가 1684년 (숙종 10) 현재의 위치에 중건하였고, 1867년, 1891년, 1938년, 1958년, 1970년, 1972년에 각각 중수하였다. 향교 건물은 전학후묘 (앞쪽에 학업용 건물을 뒤쪽에 사당을 배치)식 배치이며 현존하는 건물로는 제향공간인 대성전과 강학공간인 명륜당, 내·외삼문, 홍살문 등이 있다. 대성전은 정면 5칸, 측면 3칸 규모의 겹처마 맞배지붕으로 5성과 송조 4현(宋朝四賢), 우리나라 18현(十八賢)의 위패를 봉안하고 있다. 조선시대에는 국가로부터 토지와 전적, 노비 등을 지급받아 교관 1명이 정원 30명의 교생을 가르쳤으나 갑오개혁 이후 신학제 실시에 따라 교육적 기능은 없어지고 봄, 가을에 석전을 봉행하며 초하루·보름에 분향하고 있다. 소장 전적은 판본 4종 8 책, 사본 3종 3 책 등 총 7종 11 책이 있으며, 이 중‘선안(仙案)’, ‘재임록(齋任錄)’, ‘훈사(訓辭)’등은 이 고장의 향토사 연구에 좋은 자료가 된다. 전의향교는 세종특별자치시 기념물로 지정되어 있으며, 현재 전교(典校) 1명과 장의(掌議) 수명이 운영을 맡고 있다.",,https://www.heritage.go.kr/,세종특별자치시 전의면 북촌1길 5-18,상시 개방,연중무휴,,,"신도시 지역만 다니면 놓칠 수 있는 세종시의 문화유적. 옛 연기군 지역의 중심지인 전의에 있는 향교입니다. 아담하지만 잘 관리되고, 깨끗한 건물을 보며 문화유산의 향기를 느끼고 갑니다. 기차는 정말 가끔 정차 하기 때문에 택시나 버스를 이용하시는 것이 좋을 것 같아요 전의 향교 방문",가능,무료,,,,,세종특별자치시 기념물 전의향교 (2012.12.31. 지정),,,,,,,,,,,,,,,,,,,,,,,,,,,
56,금이성,"금이성은 금성산 정상에 축조된 테뫼식산성(산 정상부를 둘러쌓은 성)이다. 험준한 지형을 이용하여 견고하게 구축된 형태가 철옹성 같다 하여 쇠성 또는 금성이라 불렸다고도 한다. 삼국사기에 나오는 금현성이 바로 금이성을 이르는 것이다. 금이성은 북으로는 전의·천안 방면, 남으로 금강 일대를 굽어보고 있으며 산성의 동북방에는 운주산성이 있고, 북으로는 고려산성·증산성·전의읍내리산성·이성산성이 거의 일직선으로 보인다. 산성 아래에는 전의에서 공주로 통하는 큰 길이 통과하고 있어 이곳이 과거의 전략적 요충지임을 알 수 있다. 성의 축조 양식은 전형적인 백제 양식에 일부 통일신라 초기의 양식이 가미되어 있다. 남쪽 성벽이 비교적 잘 남아 있으며, 성의 북단과 동남·서남단에 망루 지의 형태가 남아있고 동·북·서쪽에서 문 터가 확인된다. 성내에서 백제 시대부터 고려 시대의 유물로 보이는 항아리, 대접, 사발 등 토기 조각 등이 발견되는 것으로 보아 백제 시대에 축조되어 고려 시대에 이르기까지 사용된 것으로 보인다.",,https://www.sejong.go.kr,세종특별자치시 전동면 송성리,상시 개방,연중무휴,,,등산객이나 탐방객이 거의 없어서 그런지 길인지 아닌지 모를정도로 낙엽이 수북하다. 미끄러워서 더더욱 올라가기 힘들었다.정말 험난한 산길을 올라서 #금이성 성벽을 마주했다. 석벽을 곡장처럼 두른 잘 관리된 무덤들도 보인다.,가능,무료,,,,,세종특별자치시 기념물 금이성 (2012.12.31. 지정),,,,,,,,,,,,,,,,,,,,,,,,,,,
57,세종호수공원,"세종호수공원은 세종시 중심에 위치한 호수로서 세종시 및 인근주민들에게 휴식 및 문화의 공간이다. 호수공원에는 금강의 물결에 의해 다듬어진 조약돌을 형상화한 672석 규모의 수상무대섬, 공원의 활성화를 위해 각종 문화예술 행사를 개최하는 독립된 구조의 축제섬, 가족이 함께 할 수 있는 물놀이시설과 반짝이는 모래해변이 있는 물놀이섬, 데크길 따라 가득히 채워진 다양한 수생식물의 향연을 느낄 수 있는 물꽃섬, 여러 종류의 수생식물과 수생태계의 다양한 모습을 관찰하는 습지섬, 총 5개의 테마섬이 있다. 다양한 테마의 시설을 갖춘 5개의 주요 테마섬을 비롯하여, 산책로와 자전거 도로를 제공함으로써 주민의 심신과 안정을 회복할 수 있도록 하며, 테마산책로는 소나무길, 벚나무길, 은행나무길, 이팝나무길, 들풀길, 나들숲, 가을단풍숲, 살구나무길 등 다양한 산책로가 조성되어 다양한 주제별 산책길을 제공한다.",,세종특별자치시 시설관리공단 https://www.sjfmc.or.kr/sjpark.do,세종특별자치시 다솜로 216 (세종동),05:00~23:00,연중무휴,,장애인전용 화장실 있음,"세종시 중심에 너무 좋게 구성된 공원이죠 인천의 테크노파크 있는 그쪽 느낌도 나요 깨끗하고 좋아서 너무 좋은 인상으로 남았네요 근처에 맛집도 많은데요 저는 이태리샤브칼국수 추천해요~~ 여기 평 좋아요 샤브샤브 먹고 공원돌고 딱이죠 벤치도 많고 조형물이나 포토존이 있어서 쉬었다 가기 좋고 여유를 즐기기 좋습니다 잔잔한 호수를 바라보며 힐링하기 좋아요 널찍하고 여유로운 일상을 즐기기에 좋은 곳이에요. 축제 열때도 넓고 풍경이 여유로워 보여 너무 좋았어요. 다만 화장실이 좀 아쉬워요ㅠㅠ쓰레기통이 더 있었으면 좋겠어요 어린이날 아이데리고 킥보드 타고 왔어요 황토길 맨발길 있어 좋아요 친구랑 자전거 타고 세종호수공원 다녀왔어요 추운날씨에 호수에 얼음이 꽝꽝 얼어서 어린시절 썰매타던기억에 썰매다고 싶은 충동이 일었었지만 위험하다고 절대 들어가지마라는 안내문이 보이네요 날풀리면 다시 또 가봐야겠어요 넓은 호수공원보니 가슴이 시원해지는듯 너무 좋으네요 호젓한 호수길, 갈대숲, 그리고 사람사는 세상을 바라던 노무현대통령님의 자전거타는 모습. 생각에 잠기게 하는 명상의 길이었습니다 사는 사람에게도 여행자에게도 둘 다 너무 좋은 곳, 도심 속에서 잠시 쉬어갈 수 있어요!","가능 (총 1,244대)",무료,,,무단차 접근 가능한 공원임,,,수상무대섬 / 축제섬 / 물놀이섬 / 물꽃섬 / 습지섬,장애인전용주차구역 있음_무장애 편의시설,,"대여가능(대통령기록관,안내데스크)",,,수유실 있음,대여가능(대통령기록관),,,,,,,,,,,,,,,,,,,
58,전월산국민여가캠핑장,"세종시 전월산에 위치한 이지캠핑으로 텐트가 설치되어 있어 편리하게 이용할 수 있고 캠핑에 필요한 장비를 무료로 대여할 수 있다. 이지캠핑존 8면, 오토캠핑존 14면으로 운영되고 있다. 연계관광지로 세종호수공원 방문을 추천한다.",,세종특별자치시 시설관리공단http://www.sjfmc.or.kr/kor/sub04_10_01.do,세종특별자치시 연기면 세종리 644-502,"* 이지캠핑존
입실 14:00 / 퇴실 12:00
* 오토캠핑존
입실 14:00 / 퇴실 12:00","1, 3주째 화요일/ 설날 연휴 및 추석 연휴","* 이지캠핑존
- 금·토요일/공휴일 전날 45,000원
- 평일 35,000원
* 오토캠핑존
- 금·토요일/공휴일 전날 20,000원
- 평일 15,000원
* 전기시설(1일/1개소) 3,000원",있음,전월산 캠핑장에 놀러왔어요. 겨울이라 좀 춥긴하지만 한가로운것이 좋네요. 아침에 가볍게 등산도 했답니다,주차가능(싸이트당 1대),,전연령,,,,,,,"화장실, 세척실, 샤워장, 관리사무실",,,,,,,,,,,,,,,,,,,,,,,,
59,조천연꽃공원,"세종특별자치시 조치원과 충청북도 오송 사이에는 시민의 휴식 공간 조천이 흐르고 있다. 세종시 조치원에 위치한 조천연꽃공원은 조천변 둔치에 조성된 생태공원으로, 농경지로 쓰이다 버려진 땅에 백련, 홍련, 수련 등의 연을 심어 개화기인 7~8월에 찾으면 다양한 연꽃의 아름다운 자태를 감상할 수 있다. 이 때문에 조천연꽃공원은 올해 초 ‘방축천 호수공원 길’과 함께 국토교통부가 선정한 ‘아름다운 우리 강 탐방로 100선’에 선정되기도 했다. 다만 개화기가 한 여름인 만큼 조금 더 느긋하게 연꽃의 고운 자태를 즐기고 싶다면 늦은 오후 산책을 시작하는 것도 좋은 방법이다. 조천연꽃공원은 자전거 도로와 산책할 수 있는 테크길 아래로 조천이 흐른다. 매년 4월 조천 둔치에는 흐드러지게 핀 벚꽃은 가히 장관이녀, 조천변 벚꽃길은 조천을 따라 이어지고 부용리 벚꽃길, 고복저수지 벚꽃길과 함께 3대 벚꽃길로 꼽히는 봄철의 명소이다. 여름에는 벚나무가 제공하는 그늘과 조천을 따라 불러오는 시원한 바람, 조천연꽃공원의 연꽃이 어우러져 한낮 산책도 부담스럽지 않다.",,,세종특별자치시 조치원읍 번암리 226,상시 개방,연중무휴,,,가을이라 허전한 연꽃공원 조천변 코스모스가 많이 피었네요 너무 예쁩니다 산책하기 딱 좋은 날씨네요 살짝 지는 시기이긴해도 예뻐요~,가능,무료,,,,,,,,,,,,,,,,,,,,,,,,,,,,,,,,
60,청안사(세종),"* 자연과 함께 어우러진 사찰, 청안사 *

금성산과 작성산, 국사봉 등이 에워싸고 있는 산속, 가느실 마을에서 동쪽으로 약 150m 가량 올라간 산기슭에 위치하고 있는 대한불교조계종 사찰이다. 대한제국 광무4년(1900)에 창건된 것으로 전한다. 그러나 현재의 성불사에서 약 50m 정도 아래쪽으로 내려간 경사면에 위치한 옛 절터에서 조선시대 중기의 기와편과 백자편이 출토된 바 있어서 적어도 이 무렵에는 사찰이 존재하였을 가능성이 있다. 한편 백제 말에 창건된 북혈사로 추정되는 비암사에 속한 암자였다고 전하기도 한다. 가는 길 주변에 전의나무 마을이 있어 필요한 과실수나 약초 등을 구 할 수 있어 좋다. 절로 올라가는 입구에 작은 소나무 숲이 있어 맑은 정취를 자아내며 사찰 주변 풍경은 전형적인 농촌 마을로 천수답이 눈앞에 펼쳐져 있고 좌우로 큰 참나무 군락이 있어 늘 청설모와 다람쥐를 볼 수 있다. 작은 연못에는 색색의 수련이 우아한 자태를 뽐내고 있으며 못을 가로지르는 다리를 지나 계단을 오르면 전면에 나지막한 법당이 있다. 아직 단청이 되지 않은 소나무 향이 물씬 풍기는 법당에 들어서면 누구나 읽을 수 있도록 배려한 경전들이 책장에 빼곡히 꽂혀 있어 잠시 부처님 말씀을 읽으며 바쁜 일상 속에서 잊고 살았던 ‘마음챙김’을 할 수 있다. 맑고 편안한 마음으로 고개 들면 가까이 계신 부처님과 서원 크신 지장보살님을 닮으리라 다짐하며 돌아서 법당을 나오면, 우측 높다란 돌계단 위로 작은 삼성각이 보인다. 삼성각은 산의 주인인 산신, 홀로 깨달으신 독성, 자식의 인연을 맺어주는 칠성 세분이 계신 곳이다. 삼성각에서 내려다보면 3층 석탑과 맞은편 산이 눈높이에 걸린다. 탑을 돌아 산책로 가는 길에는 돌 틈 사이로 갖가지 야생화와 보라색 용담, 노랑 들국화가 소담하게 피어 있는 왼편에 돌부처님이 앉아계신다. 야트막한 산책로를 따라 천천히 산에 올라 내려오기 까지 20-30분 정도 소요되며 등산로가 끝나는 곳에 원두막이 있어 차 한 잔 하며 멀리 보이는 계룡산의 절경을 감상할 수 있다.

* 청안사의 창건배경 및 역사 *

청안사는 대한제국 광무4년(1900)경 창건된 것으로 전한다. 그러나 현재의 청안사에서 약 50m 정도 아래쪽으로 내려간 경사면에 위치한 옛 절터에서 조선시대 중기의 기와편과 백자편이 출토된 바 있어서 적어도 이 무렵에는 사찰이 존재하였을 가능성이 있다. 한편 백제 말에 창건된 북혈사로 추정되기도 하며 일설에는 비암사에 속한 암자였다고 전하기도 한다. 또한 현 사찰지에 신라시대의 불당이 있었다고 전해기기도 하고 주변지명이 절골이라 불리었다고 한다. 1900년경 스님들이 살기 시작하여 1950년경 곽재순씨가 요사터에 법당을 다시 지었고 1987년 법진스님이 법당을 현재 위치에 개축하였다. 청안사는 얼마 전까지만 해도 대한불교태고종 성불사(成佛寺)였다. 그러나 2001년 3월부터 주지로 부임한 청현(靑峴)스님에 의해 2002년에 현재의 이름인 청안사(淸眼寺)로 개명하고 대한불교조계종 으로 종단을 변경하였다.",,,세종특별자치시 전의면 가느실길 128-23 (전의면),상시 개방,,,있음," 작지만 아기자기,  비구니 스님이 살고 있는 청안사,  비구니 스님들이 사는 곳이다 보니 호신용? 강아지들이 살고 있다.마주친 녀석들은 총 2마리인데 입구 쪽에 노란 녀석은 방문객만 보면 10분 내내 짖어댈 정도로 여전히 까칠하다.",가능,,,,,,,,,,,,,,,,,,,,,,,,,,,,,,,,,
61,비암사(세종),"전통 사찰 비암사는 통일신라 말기 도선국사가 창건한 사찰이라고 하나 확실한 연혁은 알 수 없다. 비암사에서 발견된 국보 계유명 전 씨 아미타불비상, 보물 기축명아미타불비상, 미륵보살반가사유비상은 국립청주박물관에 보관 중이고 1657년에 복원된 비암사 극락보전 내 닫집은 그 제작 수법이 교묘하고 화려하여 새롭게 보물로 지정되었다. 이처럼 세종시에서 출토된 문화유산의 절반이 비암사에서 출토되었다고 하니 비암사는 세종시의 대표적인 역사 문화유산이라 해도 과언이 아니다. 비암사에 있는 860년 된 느티나무 또한 볼거리이다. 농사가 근본이었던 옛날에 마을 사람들은 이 나무에 잎이 피어나는 모습을 보고 한 해 농사의 풍류를 점쳤다고 한다. 새봄에 잎이 나무 아래부터 돋아나면 흉년이 들고, 나무 위부터 피어나면 풍년이 든다고 여겼다고 한다. 나무 앞 아니 오신 듯 다녀가시옵소서라는 글귀가 인상적이다. 비암사 주차장에 차를 세운 뒤 바로 절로 올라가지 말고 화장실 뒤로 난 계단을 따라 산으로 조금만 올라가면 비암사를 한눈에 담을 수 있다. 주변이 숲에 쌓여있고 인적이 드물어 옛 산사의 풍취를 한껏 느낄 수 있다.",,http://cafe.daum.net/bas0230,세종특별자치시 전의면 비암사길 137 (전의면),상시 개방,연중무휴,,있음,비암사로 올라가는 길에 제일 먼저 눈에 들어오는 것은 커다란 느티나무입니다. 이 느티나무는 무려 800살이 넘은 세종시 보호수입니다. 산속에 고즈넉하게 있는 비암사에서는 마치 시간이 천천히 흐르는 것 같았습니다. 부처님 오신 날을 지나고 가서 그런지 방문객이 많지 않아서 혼자만의 시간을 가지기에 더할 나위 없이 좋았습니다.,가능,무료,,,,,,,,,,,,,,,,,,,,,,,,,,,,,,,,
62,우주측지관측센터,"세종특별자치시에 위치한 우주측지관측센터는 직경 22m, 높이 28m의 국내 최대 전파망원경을 가진 관측센터이다. 세계에서 16번째, 아시아 3번째로 측지 VLBI 시스템을 구축하였다. 우주측지관측센터의 본격 운영을 통해 우리나라 국가기준점의 정확도를 더욱 제고함은 물론 국가 간 장거리 측량 및 대륙간 지각변동을 정밀 관측하여 지진 등 자연재해 예방에 이바지하고 있다. 또한 현존하는 최고의 측정도를 자랑하는 웅장한 VLBI의 모습과 우주를 향한 아이들의 꿈을 키워주는 소중한 시간을 제공하는 곳이다.",,공식홈페이지 http://vlbi.ngii.go.kr,세종특별자치시 월산공단로 276-73 (세종동),"- 10:00~17:00 (점심시간 12:00~13:00 일시휴관)
※ 관측 및 점검 기간에는 안전사고 예방을 위하여 출입 제한",매주 토요일~일요일 / 국가공휴일(대체공휴일),,장애인 화장실 있음,일반인들도 따로 사전예약 없이 무료로 관람할 수 있는 곳으로 아이들에게 우주에 대한 호기심을 키워줄 수 있는 교육적인 장소로 우주 과학을 쉽고 재미있게 배울 수 있을 거예요.,가능,무료 (신분증 지참),,,출입구까지 경사로가 설치되어 있음,주출입구는 경사로가 있어 휠체어 접근 가능함,,,장애인 주차장 있음_무장애 편의시설,,,,,,,,,,,,,,,,,,점자블록 있음(주출입구)_시각장애인 편의시설,,,,,,,
63,영평사,"영평사는 세종시 장군면에 위치한 대한불교조계종 제6교구 마곡사 말사로서 전통 건물과 3동의 토굴을 갖춘 대한민국 전통 사찰이다. 영평사를 창건한 환성 큰스님은 도량에서 추구해야 할 일이 바로 중생 행복 세계평화라 하여 이 도량에 상주하는 대중은 물론 한 번 무심코 다녀가거나 절 이름을 듣거나 생각만 해도 불멸의 행복을 얻도록 하고, 이 도량에 사는 미물은 물론 공중을 지나간 날짐승조차도 평안을 얻는 도량을 만들겠다는 서원을 담아 영평사라 명명하였다. 영평사는 겹벚꽃의 명소이기도 하며 가을이면 절 안팎과 산야가 온통 하얀 구절초꽃 무리로 뒤덮여 장관을 이룬다. 매년 10월 열리는 장군산 구절초꽃 축제는 전국적인 축제로 자리를 굳히고 있으며 템플스테이를 운영하는 사찰이다. 영평사에서는 당일형, 체험형, 휴식형 템플스테이를 운영하고 있으며, 전통문화축제인 낙화놀이와 연계한 템플스테이 등 특별한 프로그램이 열리기도 한다.",,http://www.youngpyungsa.co.kr,세종특별자치시 장군면 영평사길 124,상시 개방,연중무휴,,있음,"구절초 축제로 유명한 영평사 테플스테이도하고 장도 맛있는 곳입니다 아이들과 산책 코스로 추천 맑은 봄날이랑 비 오는 초여름날 방문했는데, 맑은 날 꽃이 만발한 모습도 예뻤지만 비 오는 날 더 운치가 있었어요. 언제 가든 평화로운 분위기에, 아무도 붙잡지 않아서 더 마음 편히 둘러볼 수 있었어요. 대웅전 벽에 부처님 그림 여러 가지가 그려져 있어서, 아이들도 관심있게 봤어요. 전체적으로 고요한 분위기에 마음의 평화가 깃드는 것 같았어요. 우리 부부는 주기적으로 절에 다니는걸 좋아해요 아내도 그렇고 저도 예전부터 절에 다니는걸 좋아했어요 거의 안맞는데 여기서 이런 공통점이 ??!! 그래서 저희는 세종 근방에서 자주 다닐수있는 절을 찾았어요 ㅋㅋㅋ 처음엔 “그냥 절이겠지?” 했다가, 어느새 마음이 복잡할 때마다 자연스럽게 여기로 발길이 가는 나 자신을 발견… 그러다 보니 이제는 가는 길도 익숙하고, 어디서 ...
더보기 부부동반으로 세종특별자치시를 여행하며 들린 영평사입니다. 아름답게 잘 관리하고 있었으며 풍광이 참 좋았습니다. 근처에 있어 가끔 가는 곳인데 한바퀴 돌고나면 기분이 좋아지네요. 가을에 구절초도 많이 피고 볼거리가 괜찮아요 산책겸 경내를 한바퀴 돌았더니 마음의 평화를 얻었어요 부처님 자비로 모두 평안하길 빌었습니다 슬슬 가을이 다가오니 떠오르는 곳입니다. 10월정도 되면 온 산과 들에 구절초꽃이 피어 꽃향기가 진동합니다. 영평사 앞마당에는 음악회도 열리고 주변으로 둘레길을 돌아도 좋습니다. 매년하고 있으니 기간 확인하시고 방문하는것도 추천합니다.",가능,무료,,,,,,,,,,,,,,,,,,,,,,,,,,,,,,,,템플스테이
64,합강공원 오토캠핑장,"합강공원 오토캠핑장은 금강과 미호천이 만나는 금강살리기 세종지구의 합강공원에 위치하고 있다. 생태공원과 보존습지가 함께 어우러지고 금강과 미호천의 정취를 느낄 수 있는 자전거 도로와 산책로, 등산로 등 자연과 사람이 만나는 이야기가 있는 캠핑장이다. 또한 금강수계 중 최고의 풍경을 자랑하는 합강정과 더불어 자연의 여유와 행복을 느낄 수 있는 4대강 살리기의 명소로 거듭나고 있다.",,합강공원오토캠핑장 https://www.sjfmc.or.kr,세종특별자치시 연기면 태산로 329,14:00 ~ 12:00 (익일) - 오토캠핑존,,"15,000~30,000원",,미호천과 금강이 만나는 합강 이곳에 캠핑스팟이 너무 좋다해서 다녀왔는데 공기도좋고 시설도 쾌적하고 너무 좋았습니다~,주차 가능,,,,출입구까지 단차가 없어 휠체어 접근 가능함_무장애 편의시설,주출입구는 단차가 없어 휠체어 접근 가능함,,,공용주차장 이용 가능,"관리동(2층/샤워실, 화장실, 세척대, 응급실, 방송실, 사무실 등)
화장실,음수대,샤워장",,,,,,,,,,"다목적운동장, 놀이터, 원두막, 팔각정, 산책로, 자전거도로",,,,,,,점자블록 있음(화장실 입구)_시각장애인 편의시설,,,,,,,
65,학림사(세종),"학림사는 선학원 소속의 전통 사찰로 서학산 학바위 밑에 처음 세웠다고 한다. 세월이 지나 절은 폐허가 되었으며, 1965년 4월 다시 절을 세워 안양사라고 이름 붙였다. 이후 1985년 대웅전과 요사를 중창하였고 절 이름을 학림사로 바꾸었다. 학림사의 대웅전은 둥근 주춧돌 위에 두리기둥을 세웠으며 다포형식의 팔작지붕이다. 내부에는 본존으로 석가불좌상, 좌우 협시보살로는 지장보살좌상과 관음보살좌상을 봉안하였다. 불상의 뒷면에는 후불탱화를 중심으로 독성탱화, 산신탱화, 칠성탱화를 배치하였다. 대웅전 앞에는 석등과 8각 7층탑이 세워져 있다. 소장 중인 연서 학림사 신중탱화는 정법과 도량의 수호를 담아낸 채색화이고, 불법 수호 역할을 맡은 여러 신들이 그려져 있으며 세종특별자치시 유형문화유산으로 지정되었다. 작은 사찰이지만, 비구니 스님들이 수행하는 곳으로 스님들의 섬세한 손길이 느껴지는 사찰은 봄이 되면 온통 아름다운 꽃밭으로 변신한다. 진달래와 산수유가 연달아 피고 붉은 연산홍이 꽃망울을 터트리면 마치 부처님의 말씀이 활짝 핀 꽃을 통해 온 천지로 퍼져 나가는 듯한 감흥에 빠지게 된다.",,https://www.sejong.go.kr,세종특별자치시 연서면 와룡로 353,상시 개방,연중무휴,,있음,"열심히 정토선 염불을 해서 당시 이미 신도 가운데 자성염불을 한 신도가 있을 정도로 염불수행을 열심히는 절이다. 이 절에서는 일요일마다 명상법회, 사경법회, 철야법회, 어린이법회 같은 다양한 프로그램이 운영되고 있다는 것을 알 수 있다.",가능,무료,,,,,,관음전 / 대웅전 / 요사채 등,,,,,,,,,,,,,,,,,,,,,,,,,,
66,신광사(세종),"신광사는 세종특별자치시 조치원읍에 있는 노적산에 자리한 사찰이다. 창건연대는 약 160년 전으로 추측되며, 1920년 이경직 주지가 복원하였다는 기록이 남아있다. 창건 당시 토골절, 수양사[修養寺] 등으로 불리었으며, 혜원 스님이 1980년 신광사로 개칭하였다. 젊음의 활기가 넘쳐흐르는 사찰. 누구나 신광사를 찾게 되면 느끼게 될 첫인상이다. 사찰의 역사가 길지 않음에도 불구하고 젊은 대학생들이 살고 있는 홍익대학교 세종캠퍼스가 근처에 있으며, 이들에게 적극적으로 부처님의 가르침을 전하고 있기 때문이다. 신광사는 참배객이 접근하기 좋은 곳에 있으면서 한편으로 그렇게 인연을 맺은 이들을 소홀히 하지 않고 품어 안으면서 불법을 전파하려고 노력하는 곳이다. 이러한 노력은 사찰 곳곳에 배치된 석물 하나하나에도 배어 나오고, 법당 안에 봉안된 불상에서도 느낄 수 있다.",,,세종특별자치시 조치원읍 토골고개길 24,상시 개방,연중무휴,,있음,신광사는 세종시의 도심 속에서도 찾을 수 있는 특별한 평화의 장소였습니다. 여러분도 기회가 되면 신광사에서의 아름다운 시간을 경험해보세요! 신광사에서의 고요한 여유를 가지고 돌아왔습니다. 세종시의 번화한 도시 생활과는 다른 평화로움은 정말로 특별한 경험이었습니다.,,무료,,,,,,,,,,,,,,,,,,,,,,,,,,,,,,,,
67,금남 백로 서식지,"금남면 백로 서식지는 대전 유성구(儒城區)에서 (구) 연기로 가는 국도 중간 1만여 평의 야산에 백로가 서식하고 있는 곳을 일컫는다. 조선시대부터 형성되어 현재까지 이어져 내려오는 것으로 전해진다. 그리고 백로 외에 왜가리, 황로 등도 서식하고 있는데 많을 때는 5,000여 마리가 넘는다고 한다.
백로가 많이 날아오는 해는 풍년이 들고 적게 날아오는 해에는 흉년이 든다고 전해진다. 이곳의 여행 시기로는 4~5월이 적기이다. 그 이유는 이 시기에 가장 많은 백로가 날아와 장관을 이루기 때문이다.
백로는 황새목 백로과에 속하는 물새의 한 종류이다. 날개길이는 27㎝, 꽁지 10㎝가량이 보통이다. 몸빛은 백색이나 눈 주위에는 황백색을 띠며 긴 부리와 다리는 흑색, 발가락은 황녹색이다. 나무 위나 숲에 둥지를 짓고 4~5월경에 3~5개의 알을 낳고 연못, 논, 강가에서 물고기나 개구리를 잡아먹는다. 아시아, 유럽, 아프리카 등 전 세계에 100여 종의 백로가 살고 있다.",,세종특별자치시 문화관광 http://www.sejong.go.kr,세종특별자치시 금남면 감성길 45-13,,,,,"도심에서 벗어나 자연을 만끽할 수 있는 좋은 기회가 될 것 같아 기대가 컸습니다. 금남 백로 서식지는 백로들이 모여 사는 중요한 생태 보호 지역으로, 자연과 생태를 가까이에서 느낄 수 있는 특별한 장소이였구요. 도착하자마자 펼쳐진 넓은 논밭과 습지에는 다양한 철새들이 활발히 움직이고 있었습니다.  백로들이 무리 지어 날고 앉아 있는 모습은 정말 장관이었습니다.",,,,,,,세종특별자치시 기념물 제3호,,,,,,,,,,,,,,,,,,,,,,,,,,,
68,연화사(세종),"연화사의 창건 시기는 알 수 없으나, 1988년에 전통 사찰로 지정되었으며, 1897년 보호각을 건립하고 1999년에 오층 석탑과 석등을 조성했다. 가람 배치는 무량수전, 삼성각, 요사채로 구성되어 있다. 법당은 맞배지붕에 앞면 3칸, 옆면 2칸의 구조로 안에는 석가모니 부처님, 우측 무인명석불상부대좌, 좌측으로 칠존석불상 외에 관세음보살, 대세지보살, 아미타 후불탱화·관음 탱화·지장 탱화·신중탱화가 있다. 삼성각 안에는 칠성탱화·독성 탱화·산신 탱화가 있다. 현 위치는 고대 사원지와는 관련이 없다. 다만 와즙 1동의 법당이 있었으나 보물로 지정된 무인명석불상부대좌가 발견됨에 따라 문화재 관리국의 지원을 받아 한식와즙으로 개량하였다. 무인명석불상부대좌는 장방형인 돌로 측면은 위가 좁고 아래가 넓은 사다리꼴 형태를 이루고 있다. 통일신라시대 작품으로 추정된다. 그리고 보물 칠존석불상을 봉안하고 있다. 이 불상은 비암사 석상, 정안면 석상과 함께 고대 미술의 판도를 새롭게 정리한 작품으로 평가된다. 연화사의 창건자인 홍문섭씨의 꿈에 현몽이 있어 그곳을 파보니 두 개의 석불이 나와 석불을 모셔다가 사찰을 건립하였다 한다.",,,세종특별자치시 연서면 연화사길 28-1,09:30~17:00,연중무휴,,,"일반적으로는 중앙에 칠성의 탱화를 모시는데, 이곳은 중앙에 산신의 탱화가 봉안되어 있는점이 독특하게 다가왔습니다. 몸이 편찮으신 주지스님이 직접 맞아주셔서 더 특별했던 연화사 방문이었습니다.",가능,무료,,,,,,,,,,,,,,,,,,,,,,,,,,,,,,,,
69,정부세종컨벤션센터,"정부세종컨벤션센터는 정부세종청사 내 위치하여 입주기관의 회의·전시·홍보행사를 개최할 수 있도록 지원해주는 곳으로 회의·전시동, 지원동, 홍보동으로 구성되어있다. 회의·전시동은 회의·연회·전시행사를 위한 공간이며, 지원동은 정부세종컨벤션센터 행사 관계자를 위한 숙소로 이용되고 있다.
또한 회의실은 국제회의장, 중회의실, 소회의실, 대연회장, 중연회장, 소연회장, VIP라운지로 구성되어있으며, 전시장은 회의전시동과 홍보동으로, 지원동은 일반객실·VIP객실·식당으로 각각 구성되어 있다.",,https://gbmo.go.kr/scc,세종특별자치시 다솜3로 66 (어진동),프로그램에 따라 상이함,연중무휴,,장애인 화장실 있음,"숙소가 몇 없고, 가격이 비싼 세종에서 간단하게 잠만 자기에 괜찮은 시설이다. 또 세종의 자랑인 호수공원에 있어 조용하고 한적한 분위기라 좋다. 위생면에서 정갈하긴 하지만,세월의 흔적이 느껴지기는 한다.",가능,,,,출입구까지 턱이 없어 휠체어 접근 가능함,주출입구는 턱이 없어 휠체어 접근 가능함,,,장애인 주차장 있음_무장애 편의시설,,,,장애인용 엘리베이터 있음,,,,점자안내판 있음,,,,무료,,,,,,점자블록 있음_시각장애인 편의시설,,"지하 1층 / 지상 5층
부지 35,190㎡
연면적 26,142㎡",,,,,
70,연기향교,"향교는 훌륭한 유학자의 제사를 지내고 지역민을 교육하기 위하여 설립한 고려·조선시대의 국립 지방 교육기관이다. 연기향교의 처음 위치는 연기리 서쪽이었는데 이후 1649년 연기현의 남쪽으로 옮겼다가, 1684년 현재의 위치로 이전하였고, 여러 차례의 중수를 거쳐 오늘에 이른다. 현재 남아 있는 건물로는 대성전, 명륜당, 제기고, 전사청, 내삼문, 동협문 등이 있다. 대성전은 제사를 지내는 공간으로 공자를 비롯하여 여러 성현의 위패를 모시고 있고, 명륜당은 교생들이 학문을 배우고 토론하던 장소이다. 연기향교에는 지방관의 공적, 흥선대원군이 세운 척화비도 세워져 있다. 현재 향교의 운영은 전교 1명과 장의 수명이 담당하고 있으며 봄·가을에 석전을 봉행하며, 초하루·보름에 분향하고 있다. 향교 유생들의 명부와 향교 교육 관련 규정인 절목, 그리고 17세기 연기의 향안과 향약 자료 등이 보존되어 있어 이 지방의 향토사 연구에 귀중한 자료가 되고 있다.",,국가유산청 https://www.heritage.go.kr,세종특별자치시 연기면 교촌3길 13 (연기면),상시 개방,연중무휴,,,"엄청나게 큰 은행나무가 초록색에서 노랗게 옷을 갈아입고, 사람들을 반기는 듯 했습니다. 대문채는 연기향교를 관리하는 사무실이었고, 구경하러 왔다고 하니 문을 열어 주셨습니다. 향교에서 척화비와 선정비 등을 만나는 것도 색다른 경험이었습니다. 직접 들어갈 수 없었지만 대성전의 웅장함이 내삼문을 통해서도 고스란히 전달되는 것 같았습니다.",가능,무료,,,,,세종특별자치시 기념물 연기향교 (2012.12.31. 지정),대성전 / 명륜당 / 전사청 / 대문채 등,,,,,,,,,,,,,,,,,,,,,,,,,,
71,세종에머슨 컨트리클럽,"세종에머슨 컨트리클럽은 1992년도에 개장한 골프장으로 세종시 내 유일한 회원제 클럽이다. 150만 제곱미터의 부지와 총 9,375미터로 중부권 최장 코스 27홀을 자랑한다. 기본에 충실하며 넓고 평탄하면서도 홀마다 지형의 특성을 살려 다양한 변화와 리듬을 주어 라운딩 하는 재미가 있다는 호평을 받은 곳이다. 철저한 그라운드, 잔디 관리를 통해 사계절 내내 정갈하고 깔끔한 플레이를 즐길 수 있다. 편안하고 넓은 페어웨이는 인공건축물이 시야에 들어오지 않으므로 대자연 속에서 진정한 힐링을 경험할 수 있게 해 준다.",,http://www.sejongemerson.co.kr,세종특별자치시 전의면 운주산로 1510,,,"비회원 기준
주중 207,000원
주말 249,000원
※ 자세한 요금은 홈페이지 참조",,세종에머슨 컨트리클럽은 조용하고 한적한 자연 속에서 골프를 즐길 수 있는 세종시의 유일한 회원제 컨트리클럽입니다. 진입로 양옆에 심어진 나무들은 오랜 시간을 지켜왔다는 것을 알 수 있도록 우직한 모습으로 더욱 싱그러움을 발산하며 방문하시는 모든 회원들에게 자연의 아름다움을 만끽하게 합니다.,가능,,,,,,,,,,,,,,,,,,,"레스토랑, 연회실, 라운지, 락카룸, 프로샵",,,,,,,,,,,,,,
72,국립세종도서관,"국립세종도서관은 세종특별자치시 내 국립도서관 건립 필요성에 따라 2006년 기본계획이 수립돼 3년 여의 건립기간을 거쳐 2013년 12월에 개관하였다. 대한민국 행정의 요람, 세종특별자치에서 국가정책 수립을 위한 정책정보를 제공하는 정책도서관의 역할과 아울러 세종시 및 인근 지역 주민을 대상으로 열린 복합문화 공간으로서의 역할도 수행하고 있다.

국립세종도서관은 책을 펼쳐 놓은 모습을 형상화한 모습으로 설계되었으며 총면적 2만 1,077㎡, 지상 1~4층, 지하 1~2층 규모로 글로벌 디자인 웹진 ‘디자인 붐’이 선정한 올해의 도서관 Top 10으로 선정되기도 하였다.
지하 1층에는 어린이 눈높이에 맞춘 어린이 자료실과 놀이터가 있으며, 지하 2층에는 서고, 전산실, 기계실 전기실로 구성되어 있다. 지상 1층에는 일반자료실, 전시실, 쉼터 등이, 2층에는 정책자료실, 일반자료실이, 지상 3층에는 강의실, 회의실, 교육지원실, 업무시설 등이, 4층에는 이용객의 편의를 위한 쉼터 및 카페테리아 등이 마련되어 있다.",,http://sejong.nl.go.kr,세종특별자치시 다솜3로 48 (어진동),"[인문예술자료실 / 일반자료실] - 평일 09:00~21:00
- 주말 09:00~18:00","매월 둘째·넷째 월요일
- 일요일을 제외한 관공서의 공휴일(단, 설·추석 연휴 기간 중의 일요일은 휴관)
- 기타 관장이 필요하다고 인정하는 날",무료,장애인 화장실 있음,"아이들과 책읽기도 좋고 호수공원으로 산책하기도 좋고 국립세종도서관 4층 카페에서 호수공원 바라보며 커피를 마시며 책도 읽고 간식먹으며 시간 보내기도 좋아요. 날좋은 날 호수공원 한켠에 돗자리 깔고, 도서관에서 책 빌려다 나무그늘 아래서 책 읽고 즐기다 반납하기도 좋고 정말 좋은 여행지, 나들이 장소로 강추입니다.",가능 (무료),,,,출입구까지 턱이 없어 휠체어 접근 가능함,주출입구는 턱이 없어 휠체어 접근 가능함,,,장애인 주차장 있음(3대)_무장애 편의시설,,,,장애인용 엘리베이터 있음,수유실 있음 (어린이실),,영상실에 휠체어석 있음,점자도서 있음(일반자료실1),,,,,,,,,,점자블록 있음(화장실 앞)_시각장애인 편의시설,,,수화안내 가능 (자원봉사자 지원이 필요하므로 사전확인 필수),자막도서 있음,,"가족화장실 있음, 어린이자료실 있음","특강 / 교육 프로그램 등
※ 프로그램은 상시 변동될 수 있으므로 홈페이지 참조 요망"
73,세종문화원,"세종문화원은 세종 지역의 향토사 연구와 향토민속발굴사업을 통해 옛 선현들의 발자취와 지혜의 숨결을 찾아 상세하게 재조명하는 일을 주된 사업으로 한다. 다양한 문화 사업과 활동을 지원하여 세종 지역민의 문화 향수 욕구를 충족시킨다. 세종단오제, 백제대제, 연기대첩제 등의 축제를 개최하며 전통소리예술단과 꿈의 오케스트라 [세종]을 운영한다. 또한, 문화학교에서는 수지침, 컴퓨터 교육, 생활영어 배우기, 풍수지리, 생활요리, 사물놀이, 생활한복 만들기, 민요교실, 풍물교실 등의 프로그램을 운영하고 있다. 특히, 세종향토사연구소 활동과 시민생활강좌나 가야금 교육은 세종 문화원의 자랑이다.",,http://www.sejongcult.or.kr,세종특별자치시 조치원읍 문화로 17,"09:00~18:00
휴게시간 12:00~13:00",,별도 문의,"장애인 전용 화장실 있음
수평수직바 있으나 휠체어 회전은 어려움","다양한 프로그램들이 착한 가격에 수업을 이루어지고 있습니다. 노래, 서화, 악기, 어학, 전통예절, 인문, 운동, 무용 등 다양한 분야 프로그램들이 많아요. 어린이 발래, 어린이 영어와 같은 어린이 프로그램도 있어요.",가능,,,,접근로 경사로 있음,출입통로 휠체어 단독 진입 가능,,,장애인 전용 주차장 있음 (1대),,,,,,,"대강당-장애인 석 있음 (3석)
소강당-실내는 간이의자 형식으로 실내접근은 용이하나 2층계단이 있어
휠체어 진입 어려움",,,,,,,,,,,,,"대지면적 : 1.994㎡(603평)
건축면적 : 1.680㎡(509평)",,,"대강당 252명, 소강당 80명",,
74,고복자연공원,"고복자연공원은 오봉산의 자연림, 동굴, 사찰, 야외조각 전시장 등이 있으며, 수변길이 조성되어 있다. 주변 마을에는 포도, 복숭아, 배를 재배하는 과수 단지가 있다. 공원 변에 광장과 이화여대 미술대 강태성 교수가 조성한 야외조각 공원이 있어 방문객들에게 또 하나의 볼거리를 제공해 주고 있다. 특히, 야외수영장이 개장하는 여름방학 시기에 많은 사람들이 찾아온다. 중간지점에 있는 ‘민락정’에서 내려다보는 경관이 일품이며, 벚꽃 필 무렵의 고복 자연공원은 아는 사람만 아는 숨겨진 명소이다. 고복 자연공원 주변에는 갈비, 한방오리와 메기매운탕을 전문으로 하는 음식점 등이 산재해 있어 미식가들의 입맛을 돋워 주며, 수변 전망이 가능한 카페들이 있어 휴식공간을 제공해 준다.",,https://www.sejong.go.kr/tour,세종특별자치시 연서면 도신고복로 586,상시 개방,연중무휴,,있음,"데크길을 따라 걸으면 마음의 평안이 찾아옵니다 봄에는 꽃들이 여름에는 푸르른 나무들이 반겨줍니다 가족들과 방문하게 되었는데 , 날씨가 안개가 좀 있고 흐렸지만 분위기가 운치가 좋고 조용해서 편안하더라구요 . 저수지 둘레로 데크가 깔려있어서 걸으면서 산책하기에도 좋더라구요 . 둘레로 벚꽃나무들도 있고 봄이 되면 꽃피고 더 예쁘겠어요 . 그땐 사람들도 많이 온다고 하네요 . 나들이오면 좋겠어요 . 주변에 매운탕식당들이 있어서 메기나 새우 매운탕을 즐기고 , 뷰 좋은 카페도 들려서 휴식을 취...
더보기 좋은 곳입니다. 철마다 다른 그림도 예쁘고 크게 한바퀴 돌아보면 운동도 될만한 장소 주변에 이런곳이 있다는 것은 축복이라고 생각합니다. 주변 커피맛집이랑 고기집을 한코스로 잡아서 돌아봐도 좋은 일정입니다 모임에서 주변 펜션에 숙소를 정하고 저수지를 한바퀴 도는 코스로 트레킹을 했는데 잘 조성된 데크길도 좋고 중간중간 포토죤과 카페/식당이 있어 오랜만에 만난 회원들과 여유롭게 쉬엄쉬엄 많은 대화와 추억을 쌓아서 참 좋았습니다. 무거위에도 데크주변에 나무가 무성하여 그늘이 생겨 걷기에 부담 없었는데 전구간에 데크길이 생겼으면 더 많은 방문자가 올듯 합니다. 주말에 방문한 고복저수지 겨울이라그런지 걷는분이 많이없어서 걷기좋았습니다 한바퀴돌고 주변 산장가든에가서 점심을 맛난게먹고 돌아왔습니다 차로 드라이브 할때 자주 지나갑니다 카페들러서 음료 마시고 저수지 한바퀴돌다가 집으로 오곤 합니다. 언제 와도 조용하고 좋아요",가능,무료,,,,,,,,,,,,,,,,,데크로드 산책로 있음,,,,,,,,,,,,,,,
75,세종문화예술회관,2000년 10월에 개관한 세종문화예술회관은 조치원읍에 위치하며 830석의 대공연장과 295㎡ 규모의 전시실을 운영하며 오랫동안 세종시를 대표하는 복합문화공간으로 자리 잡았다. 또한 2024년 6개월간 재정비를 마치고 다양한 공연과 퍼포먼스로 재개관식을 진행해 앞으로도 다양한 볼거리를 제공할 예정이다.,,https://www.sjac.or.kr/culture,세종특별자치시 조치원읍 문예회관길 22,공연에 따라 상이함,공연에 따라 상이함,공연에 따라 상이함,장애인 전용 화장실 있음, 시설이 현대적이고 관리가 잘 되어 있어서 좋습니다,가능,,,,출입구까지 단차가 없어 휠체어 접근 가능함,주출입구는 경사로가 있어 휠체어 접근 가능함,,,장애인 전용 주차구역 있음(2대)_무장애 편의시설,,,,,,,"장애인 전용 관람석 있음(12석,다열 뒷줄과 중간줄)",,,,,무료,,,,,,점자블록 있음(접근로)_시각장애인 편의시설,,지상 3층,,,830석,,
76,뒤웅박고을,"뒤웅박고을은 우리의 어머니께서 가족의 건강을 생각하며 정갈하게 담그시던 전통 장류를 현대에 널리 보급하여 건강한 참살이 식문화를 계승하려 만들 전통 장류 테마공원이다. 뒤웅박은 가을철 추수가 끝나면 이듬해 풍농을 위한 건실한 종자 씨앗을 보관하던 아주 소중한 종자 보관 용구였다. 이곳에 있는 전통 장류박물관은 130여 점의 옹기 유물을 전시하고 있다. 또, 1950년대 뒤웅박고을 설립자의 어머니가 담근 씨간장과 장 항아리를 볼 수 있다. 전통 장의 제조 과정을 그림과 실물을 통해 보여주며 이 밖에 뒤때그릇, 제주도 화산토로 만든 물허벅, 옹기 등도 있다. 봄/가을 시즌별로 유치원, 초등학교 체험학습을 진행하고 있으며, 식당에서는 전통 장류 음식을 코스 요리로 즐길 수 있고, 전시판매장에서 다양한 장류를 직접 구매하는 것도 가능하다.",,http://www.dweeungbark.co.kr,세종특별자치시 전동면 배일길 90-43 (전동면),"11:30~20:00
휴게시간 15:00~17:00",매주 화요일,,장애인전용 화장실 주차장쪽에 있음(공용)_무장애 편의시설," 산책로가 잘 되어있어 구경하기가 좋고, 많은 항아리들로 인해 풍경이 좋습니다. 멀리 기차가 지나갈 때 항아리들과 함께 사진찍어보세요 ㅎㅎ 비가와서 사진을 많이 못찍어서 아쉽지만 너무 예뻐요~","가능
요금(무료)",,유치원 이상,,출입구까지 턱이 없어 휠체어 접근 가능함,,,"장향관 (한식당), 세종전통장류박물관, 가비향(카페), 세미나실, 전시판매장 등",장애인전용 주차구역 있음,,,,,,,,,,,,,,,,,,,,,,,,,
